word,meaning,word_type,last_sound,can_combine
ಅಪೇಕ್ಷಣೀಯ,Desirable,prefix,ಯ,yes
ನೆಲೆಸಿ,settle down,noun,ಿ,no
ಮೂಲಸಾಧನಗಳು,resources,noun,ು,no
ಸಂಪಾದಿತ,Edited,prefix,ತ,yes
ಕೇಂದ್ರೀಕೃತವಾಗಲಾರವು,Cannot be concentrated,noun,ು,no
ಗಣಿಗಳ,of mines,noun,ಳ,no
ಸಂಪರ್ಕ,contact,prefix,ಕ,yes
ಕಬ್ಬಿಣ,iron,noun,ಣ,yes
ಚರ್ಚೆ,discussion,noun,ೆ,no
ಹಿಂದೆಯೇ,in the past,noun,ೇ,no
ಸರಿಪಡಿಸಲು,to fix,noun,ು,no
ಮಾಹಿತಿ,Information,noun,ಿ,no
ಉಲ್ಲೇಖಿಸಿ,refer to,noun,ಿ,no
ಸಣ್ಣ,small,noun,ಣ,yes
ಆರ್,R,noun,್,no
ಮಾಡು,do,noun,ು,no
ಗಳು,s,noun,ು,no
ಮರೆ,hide,noun,ೆ,no
ಮಹಾಮುನಿಗಳನ್ನು,Great sages,prefix,ು,yes
ಹುಟ್ಟುವ,to be born,noun,ವ,yes
ಬ್ರಹ್ಮಗಿರಿ,celibacy,noun,ಿ,no
ಹೊಸ,New,noun,ಸ,no
ಕವೇರ,Kavera,noun,ರ,yes
ಹೇಳಿಕೊಂಡಳು,She said,noun,ು,no
ಚಳಿಗಾಲ,winter,noun,ಲ,yes
ಪಲ್ಲೆ,Palle,noun,ೆ,no
ಆದರೆ,But,noun,ೆ,no
ಜನಸಂಖ್ಯೆ,Population,noun,ೆ,no
ಮಳೆ,the rain,noun,ೆ,no
ಶೇಖರವಾದರೆ,If accumulated,noun,ೆ,no
ಬಳಸಿಕೊಳ್ಳುತ್ತವೆ,use,noun,ೆ,no
ಬಂದು,come,noun,ು,no
ಆರೋಗ್ಯ,health,noun,ಯ,yes
ಪಿತ್ತರಸ,Bile,noun,ಸ,no
ತೊಗಟೆ,bark,noun,ೆ,no
ಸಾಲುಗಳ,of lines,noun,ಳ,no
ಸನ್ಮಾನ,an honor,noun,ನ,yes
ಚಿತ್ರಗಳಿಗೆ,For pictures,noun,ೆ,no
ಹಾಡೊಂದನ್ನು,A song,noun,ು,no
ಭಾಗವತರು,Participant,noun,ು,no
ಜೀವಕಣ,a living cell,noun,ಣ,yes
ಪ್ರಾಣಿಗಳು,Animals,prefix,ು,yes
ರೆಗ್ಯುಲೇಟಿವ್,Regulatory,noun,್,no
ಉಪಯೋಗಿಸಿಕೊಂಡು,By using,prefix,ು,yes
ಬೆಳೆಯುತ್ತದೆ,grows up,noun,ೆ,no
ಕಳೆದುಕೊಂಡರೂ,Even if lost,noun,ೂ,no
ಕೊಳ್ಳಬೇಕು,Must buy,noun,ು,no
ಬಹುದು,can,noun,ು,no
ಜೀರಿಗೆ,cumin,noun,ೆ,no
ನೀರು,water,noun,ು,no
ವಿವರಣೆ,Description,prefix,ೆ,yes
ಸಿಪ್ಪೆ,Peel,noun,ೆ,no
ಉತ್ತಮಗೊಳಿಸುವಲ್ಲಿ,In optimizing,noun,ಿ,no
ಹೆಚ್ಚಿನ,more,noun,ನ,yes
ಯೋಜನೆಯನ್ನು,the plan,noun,ು,no
ಹಾರ್ಡ್,Hard,noun,್,no
ವ್ಯಾಟ್ನಬೇ,Why not?,noun,ೇ,no
ನೆರವಿನ,of assistance,noun,ನ,yes
ಚಿಕಿತ್ಸೆ,treatment,noun,ೆ,no
ವೃತ್ತಿಯಾಗಿ,as a profession,noun,ಿ,no
ಹತ್ತಿರವಿರುವ,nearby,noun,ವ,yes
ವೀಲ್,Wheel,noun,್,no
ಆರಾಧಿಸಿದ,adored,noun,ದ,yes
ನಟಿ,actress,noun,ಿ,no
ಪ್ರಶಸ್ತಿ,award,prefix,ಿ,yes
ಆಕಾಂಕ್ಷಾ,Aspiration,noun,ಾ,no
ನೋಡುಗರ,of the seers,noun,ರ,yes
ವಿವಾದ,dispute,noun,ದ,yes
ಪ್ರಧಾನಿ,Prime Minister,prefix,ಿ,yes
ಕ್ರೆಸಾಲ್,Cresol,noun,್,no
ಟೂತ್,Tooth,noun,್,no
ಸ್ವಚ್ಛವಾಗಿಟ್ಟಿರುವುದು,Keeping it clean,noun,ು,no
ಪ್ರಕಾಶವಿರುವ,Bright,prefix,ವ,yes
ಆವೃತ್ತಿಯಿಂದ,From the version,noun,ದ,yes
ವಾಂಡರರ್ಸ್,Wanderers,noun,್,no
ಸೋತಿತ್ತು,had lost,noun,ು,no
ಒಳಗಾಗಿದ್ದ,underwent,noun,ದ,yes
ವಿಸಿಎ,VCA,prefix,ಎ,yes
ಸಾಧನೆ,achievement,noun,ೆ,no
ಅವಧಿಯಲ್ಲಿ,During the period,prefix,ಿ,yes
ಪಕ್ಷಗಳ,of the parties,noun,ಳ,no
ಗೋಲಿ,Golly,noun,ಿ,no
ನಾಯಕನನ್ನಾಗಿ,As a leader,noun,ಿ,no
ಪ್ರದರ್ಶನದ,of the show,prefix,ದ,yes
ಬಹ್ರೇನ್,Bahrain,noun,್,no
ಇಸ್ಲಾಮ್,Islam,noun,್,no
ಅನಿಲಗಳ,of gases,prefix,ಳ,yes
ತುತ್ತೂರಿಯ,of the trumpet,noun,ಯ,yes
ಫ್ರೆಂಚ್,French,noun,್,no
ಬರುತ್ತಿರುವಾಗ,while coming,noun,ಗ,yes
ನಂದಿ,Nandi,noun,ಿ,no
ಈತನ,He is,noun,ನ,yes
ಮೋರೆಯವನೆ,Moreyavane,noun,ೆ,no
ಪಾರ್ವತಿಯೊಂದಿಗೆ,with Parvati,noun,ೆ,no
ಬಾಹ್ಯ,External,noun,ಯ,yes
ಭಗನ,Lord,noun,ನ,yes
ಪಾರ್ಶ್ವ,lateral,noun,ವ,yes
ರೇಖೀಯ,linear,noun,ಯ,yes
ರೇಖೆಗಳಿಗೆ,to the lines,noun,ೆ,no
ಆಕಾಶದಲ್ಲಿ,in the sky,noun,ಿ,no
ಪರಿಣಾಮವನ್ನು,effect,noun,ು,no
ಒಳಗೊಂಡಿರಬಹುದು,may include,noun,ು,no
ತಿಳಿ,know,noun,ಿ,no
ಜಲಚರಗಳ,of aquatic life,noun,ಳ,no
ಅಳವಡಿಸಿಕೊಂಡರು,Adopted,prefix,ು,yes
ಬ್ಲೈಂಡ್,Blind,noun,್,no
ವ್ಯಾಪಾರದಲ್ಲಿ,in business,noun,ಿ,no
ಸ್ಚವಾರ್ಜ್,Schwarz,noun,್,no
ಕಾಳಜಿಯನ್ನು,concern,noun,ು,no
ಆದ,Became,adjective,ದ,yes
ಇಡ್ಲಿ,Idli,noun,ಿ,no
ಬೆಂಗಳೂರಿನ,Bangalore,noun,ನ,yes
ಕುಳಿತುಕೊಂಡು,sitting down,noun,ು,no
ವ್ಯಕ್ತಿಯು,the person,noun,ು,no
ದುಡಿದಿದ್ದಾರೆ,have worked,prefix,ೆ,yes
೧೯೯೮ರ,1998,noun,ರ,yes
ಬಂಟ್ವಾಳ,Bantwala,noun,ಳ,no
ಸಹಾ,Co,noun,ಾ,no
ಕೃತಿಯು,The work,noun,ು,no
೧೯೩೪ರಂದು,On 1934,noun,ು,no
ನೀಗ್ರೋ,the negro,noun,ೋ,no
ದೊಡ್ಡ,big,noun,ಡ,yes
ಸೊಂಟ,waist,noun,ಟ,no
ಕುಟುಂಬಕ್ಕೆ,to the family,noun,ೆ,no
ರಕ್ಷಣೆಯ,of protection,noun,ಯ,yes
ಮರಣವಾಗಬಹುದು,May die,noun,ು,no
ಸಂಪ್ರದಾಯಗಳಲ್ಲಿ,In traditions,prefix,ಿ,yes
ರಿಯಲ್,Real,noun,್,no
ವಾಸುದೇವ,Vasudeva,noun,ವ,yes
ಹೆಸರಾಗಿದೆ,is the name,noun,ೆ,no
ಕಂಡುಹಿಡಿಯಲಾಯಿತು,was discovered,noun,ು,no
ಧಾರಕ,container,noun,ಕ,yes
ತಯಾರಿಸಲು,to prepare,noun,ು,no
ಮಹಾ,great,prefix,ಆ,yes
ಮನೆ,house,noun,ಎ,yes
ಆತ್ಮ,soul,noun,ಆ,yes
ಪುಸ್ತಕ,book,noun,ಕ,yes
ರಾಜ,king,noun,ಅ,yes
ನಗರ,city,noun,ಅ,yes
ಗುರು,teacher,noun,ಉ,yes
ಭಾಷೆ,language,noun,ಎ,yes
ನದಿ,river,noun,ಇ,yes
ಉದಯ,rise,noun,ಅ,yes
ಖಾಸಗಿ,Private,noun,ಿ,no
ವಿನಿಯೋಜನೆಯನ್ನು,Assignment,prefix,ು,yes
ಧಾನ್ಯಗಳ,of grains,noun,ಳ,no
ವಿಶೇಷ,special,prefix,ಷ,yes
ಯಾವುದೋ,something,noun,ೋ,no
ಪ್ರಾರಂಭದಿಂದಲೂ,From the beginning,prefix,ೂ,yes
ಗ್ರಂಥಗಳ,of scriptures,noun,ಳ,no
ಗೌರವ,respect,noun,ವ,yes
ಅವಶ್ಯಕ,necessary,prefix,ಕ,yes
ನಿರ್ದೇಶನದ,directed,noun,ದ,yes
ಪರೀಕ್ಷಿಸಿದಾಗ,When tested,noun,ಗ,yes
ಲಕ್ಷಣವಾಗಿದೆ,is characteristic,noun,ೆ,no
ನೇರವಾದ,direct,noun,ದ,yes
ಎಲ್ಲಾ,All,noun,ಾ,no
ಹೆಚ್ಚುವರಿ,extra,noun,ಿ,no
ಇಂದ,from,noun,ದ,yes
ಸಹಾಯ,help,noun,ಯ,yes
ನಲ್ಲಿ,at,noun,ಿ,no
ಹಿಮಾಲಯದ,of the Himalayas,noun,ದ,yes
ಎರಡು,Two,noun,ು,no
ಹೆಸರು,name,noun,ು,no
ಕಪ್,Cup,noun,್,no
ಮೆಷಿನ್,machine,noun,್,no
ಉಲ್ಲೇಖಗಳು,References,noun,ು,no
ತನ್ನ,His,noun,ನ,yes
ತಂದಿತು,brought,noun,ು,no
ಇದೆ,There is,noun,ೆ,no
ಆತಿಥ್ಯ,Hospitality,noun,ಯ,yes
ನಡುವೆ,in between,noun,ೆ,no
ವೋಲೆ,Vole,noun,ೆ,no
ಸಂಕಲನ,Compilation,prefix,ನ,yes
ತೂಕ,weight,noun,ಕ,yes
ಬಿಡುಗಡೆಹೊಂದಿದ,Released,noun,ದ,yes
ಹಾಕಿದರೆ,If put,noun,ೆ,no
ಹೊಂದುತ್ತವೆ,have,noun,ೆ,no
ಹೈಡ್ರೋಬ್ರೋಮಿಕ್,Hydrobromic,noun,್,no
ಮಾಂಸ,the meat,noun,ಸ,no
ಹಕ್ಕಿ,the bird,noun,ಿ,no
ಆಹಾರ,food,noun,ರ,yes
ಆಫ್ರಿಕಾವು,Africa,noun,ು,no
ಪಂದ್ಯಗಳನ್ನಾಡಿದರು,Matches were played,noun,ು,no
ಗಾಯದ,injury,noun,ದ,yes
ಯಶಸ್ವಿ,Successful,noun,ಿ,no
ತಗುಲಬಹುದೆಂದು,to catch,noun,ು,no
೨೦೧೨ರಲ್ಲಿ,In 2012,noun,ಿ,no
ವಿಷಯಕ್ಕೆ,to the point,prefix,ೆ,yes
ಮೂಲಕ್ಕೆ,to the source,noun,ೆ,no
ಜಟಿಲ,complicated,noun,ಲ,yes
ಜೀವನಾಧಾರವೂ,Livelihood too,noun,ೂ,no
ನಿಭಾಯಿಸುವುದು,Coping with,noun,ು,no
ಸಂಸ್ಕರಣೆಗೂ,Processing,prefix,ೂ,yes
ಜಲವರ್ಧನೆ,Hydration,noun,ೆ,no
ಆಫ್ರಿಕ,Africa,noun,ಕ,yes
ಇನ್ನುಕೆಲವು,Some more,noun,ು,no
ವಿನಾ,without,prefix,ಾ,yes
ಒದಗಿಸುತ್ತದೆ,provides,noun,ೆ,no
ಕುರ್ಚಿ,a chair,noun,ಿ,no
ಅಧಿಕಾರಿಗಳು,Officers,prefix,ು,yes
ರದ್ದಾದ,cancelled,noun,ದ,yes
ವಾಕ್ಯಗಳನ್ನು,sentences,noun,ು,no
೭೧ಕ್ಕಿಂತ,than 71,noun,ತ,yes
ದೈವನಿಂದನೆ,Blasphemy,noun,ೆ,no
ದೋಷಾರೋಪಕ್ಕೆ,to impeachment,noun,ೆ,no
ಸರಿಯಾದ,correct,noun,ದ,yes
ಸಮುದಾಯವಾಗಿದ್ದು,It is a community,noun,ು,no
ಇತ್ಯಾದಿಗಳೇ,etc,noun,ೇ,no
ಸ್ಥಳವಾಗಿದೆ,is the place,noun,ೆ,no
ಶಕ್ತಿಯನ್ನು,Power,noun,ು,no
ರುಚಿಕರವಾದ,Delicious,noun,ದ,yes
ನೋಡಿ,see,noun,ಿ,no
ಇದು,This is,noun,ು,no
ಇತರ,Other,noun,ರ,yes
ಡೇಟೆ,Date,noun,ೆ,no
ವಿಮಾನ,the plane,prefix,ನ,yes
ಗಂಭೀರವಾಗಿ,Seriously,noun,ಿ,no
ಪುಟದಿಂದ,From the page,noun,ದ,yes
ಸಂಪ್ರದಾಯವಾದಿಗಳು,The traditionalists,prefix,ು,yes
ಲಿಪಿಯೂ,Script too,noun,ೂ,no
ದ್ವೀಪವನ್ನು,the island,noun,ು,no
ಮಾಡಿದ್ದಲ್ಲದೆ,Besides doing,noun,ೆ,no
ಸ್ಫೂರ್ತಿ,inspiration,noun,ಿ,no
ಸಾಹಿತ್ಯ,Literature,noun,ಯ,yes
ಓದು,read,noun,ು,no
ವಿಸ್ತರಿಸಿ,Expand,prefix,ಿ,yes
ಮಾರುಕಟ್ಟೆ,market,noun,ೆ,no
ಹೋಗು,go,noun,ು,no
ಬದಲಾಯಿಸಬಹುದು,can be changed,noun,ು,no
ಚೀಲವನ್ನು,bag,noun,ು,no
ತುರ್ತು,urgent,noun,ು,no
ಸಾಂಕ್ರಾಮಿಕ,Contagious,noun,ಕ,yes
ಆರಧಿಸುತ್ತಿದ್ದನ್ನು,worshiped,noun,ು,no
ಅಂಕೆ,Digit,prefix,ೆ,yes
ಮೂಲೆ,the corner,noun,ೆ,no
ಸರ್ಕಸ್ಸುಗಳು,Circuses,noun,ು,no
ಮೆರವಣಿಗೆಯು,The procession,noun,ು,no
ಅರ್ಚನೆ,worship,prefix,ೆ,yes
ಶಿಲಾಶಾಸನಗಳ,of epitaphs,noun,ಳ,no
ಲಿನಲ್ಲಿ,In Lin,noun,ಿ,no
ಕಂಡುಬಂದಿಲ್ಲ,not found,noun,ಲ,yes
ನಾಣ್ಯಗಳು,Coins,noun,ು,no
ಸಂಗ್ರಹಿಸಲಾಗಿದೆ,Collected,prefix,ೆ,yes
ಒರಿಸ್ಸದಲ್ಲಿನ,in Orissa,noun,ನ,yes
ತರುವಾತ,immediately,noun,ತ,yes
ಸಮೃದ್ಧಿ,Prosperity,noun,ಿ,no
ಬಾರ್ಕುರಿನಲ್ಲಿ,In Barkur,noun,ಿ,no
ಸಂಪಾದನೋತ್ಸವ,editing festival,prefix,ವ,yes
ಮುಡ್ಪಾಪಾವು,Mudpapau,noun,ು,no
ಸಂಪಾದಿಸಲಾಗಿದೆ,Edited,prefix,ೆ,yes
ಹಾಡಿನ,of the song,noun,ನ,yes
ರಚಿತವಾದ,created by,noun,ದ,yes
ಪ್ರತ್ಯೇಕಿಸುತ್ತದೆ,separates,prefix,ೆ,yes
ಹಾಡಬಹುದಾಗಿದೆ,Can be sung,noun,ೆ,no
ಮೂಲಸ್ವರಕ್ಕಿಂತ,than the vowel,noun,ತ,yes
ಸಿದ್ಧಾಂತವಾದಿಗಳು,theorists,noun,ು,no
ಸದಸ್ಯರಿಗೆ,For members,noun,ೆ,no
ಭಾಗವಾಗಿದೆ,is a part of,noun,ೆ,no
ಹುಲಿ,the tiger,noun,ಿ,no
ಮತಿಕೆಟ್ಟನ್,Matikettan,noun,್,no
ನೋಕ್ರೆಕ್,Nocrack,noun,್,no
ಕಾರ್ಬೆಟ್,Corbett,noun,್,no
ಲೀಟರುಗಳಷ್ಟು,in liters,noun,ು,no
ವ್ಯಾಪಾರೀ,a merchant,noun,ೀ,no
ಬೆಳಗಿಸಿತು,lit up,noun,ು,no
ದಟ್ಟವಾಗಿದ್ದರೆ,If dense,noun,ೆ,no
ಜಿ,G,noun,ಿ,no
ಮೂಲಗಳಿಂದ,From sources,noun,ದ,yes
ಬೃಹತ್,huge,noun,್,no
ಉಪಯೋಗವನ್ನು,Use,prefix,ು,yes
ಅವಧಿ,duration,prefix,ಿ,yes
ವಿಮರ್ಶೆಗಳೊಂದಿಗೆ,With reviews,prefix,ೆ,yes
ಸಹಕರಿಸಿ,Cooperate,noun,ಿ,no
ಹೆಚ್,H,noun,್,no
ಬೃಂದಾವನ,Brindavan,noun,ನ,yes
ಕನ್ನಡದ,Kannada,noun,ದ,yes
ವಿಷಯಗಳಲ್ಲಿ,Among the subjects,prefix,ಿ,yes
ಪಟ್ಟಿ,list,noun,ಿ,no
ಸರಳು,simple,noun,ು,no
ಪುರಾಣಗಳ,of Puranas,noun,ಳ,no
ಪೌರಾಣಿಕ,Legendary,noun,ಕ,yes
ಕೇರಳ,Kerala,noun,ಳ,no
ಕ್ರಿಯೇಟಿವ್,Creative,noun,್,no
ಅಡಿಯಲ್ಲಿ,under,prefix,ಿ,yes
ಬಳಸಲಾಯಿತು,was used,noun,ು,no
ಫಿಲ್ಮ್,film,noun,್,no
ದಶಾವತಾರ,Dashavatara,noun,ರ,yes
ಭಾರತ,India,noun,ತ,yes
ಮುಂದಿನ,Next,noun,ನ,yes
ಹೊಂದಿಕೊಂಡಂತಹ,like fitting,noun,ಹ,no
ಹಸುವಿನ,of the cow,noun,ನ,yes
ಇನ್,In,noun,್,no
ಇತರೆ,Other,noun,ೆ,no
ಇತ್ತೀಚೆಗಿನ,recent,noun,ನ,yes
ಗೌಳವ್,Gaulav,noun,್,no
ಕಾಸರಗೋಡು,Kasaragod,noun,ು,no
ಸ್ವತಂತ್ರ,independent,noun,ರ,yes
ಕರ್ಣನಿಗೆ,to Karna,noun,ೆ,no
ಮೊದಲನೆಯವನಾದ,Became the first,noun,ದ,yes
ಮಾಳವ,Malwa,noun,ವ,yes
ಈಗಿನ,present,noun,ನ,yes
ಹೊರಟ,left,noun,ಟ,no
ಮಗಳಾದ,As a daughter,noun,ದ,yes
ಇವನು,He is,noun,ು,no
ಹೆಮ್ಮೆಯ,of pride,noun,ಯ,yes
ದೇಶದ,of the country,noun,ದ,yes
ಅವಿರತ,incessantly,prefix,ತ,yes
ಮಹಾವಿದ್ಯಾಲಯದಲ್ಲಿ,In college,prefix,ಿ,yes
ಅವಿರೋಧವಾಗಿ,unequivocally,prefix,ಿ,yes
ಸನ್ಮಾನಿಸಿದೆ,honored,noun,ೆ,no
ನಡೆಸಿದ,Conducted,noun,ದ,yes
ನಿರಂಕುಶ,tyrannical,noun,ಶ,no
ಆಡುಮಾತಿನಲ್ಲಿ,Colloquially,noun,ಿ,no
ಮಾಡಲಾಗಿದೆ,done,noun,ೆ,no
ಸಾಂಪ್ರದಾಯಿಕವಾಗಿ,Traditionally,noun,ಿ,no
ಹಳ್ಳಿಗಳು,villages,noun,ು,no
ದಿನದಂದು,on the day,noun,ು,no
ಸಾಂಬಾ,Samba,noun,ಾ,no
ಸೇರಿಸಿ,add,noun,ಿ,no
ಹೊರಗಿನ,outside,noun,ನ,yes
ಅಡಗಿದ್ದ,was hidden,prefix,ದ,yes
ವಿಶ್ವವಿದ್ಯಾಲಯ,University,prefix,ಯ,yes
ಜೀವನ,life,noun,ನ,yes
ಪ್ರಬಂಧಗಳ,of theses,prefix,ಳ,yes
ಪೀಕಲಾಟ,Peekalata,noun,ಟ,no
ಮುಂತಾದ,such as,noun,ದ,yes
ಲೇಬಲ್,label,noun,್,no
ಉಂಟುಮಾಡುವಲ್ಲಿ,In causing,noun,ಿ,no
ಹೊದಿಕೆ,cover,noun,ೆ,no
ಹೆಚ್ಚಾಗಿರುವುದು,more,noun,ು,no
ರೆಡಿ,Ready,noun,ಿ,no
ಮುಂದುವರಿಸಿದೆ,Continued,noun,ೆ,no
ಇವು,These are,noun,ು,no
ಪ್ರತಿಕ್ರಿಯಿಸುತ್ತದೆ,responds,prefix,ೆ,yes
ಹೊಂದಿದ್ದರು,had,noun,ು,no
ಅಥಣಿ,Athani,prefix,ಿ,yes
ತಾವು,themselves,noun,ು,no
ಕಾದಂಬರಿಕಾರರು,Novelists,noun,ು,no
ವೃತ್ತಿ,career,noun,ಿ,no
ಕಟ್ಟಿದ,tied up,noun,ದ,yes
ಪಟ್ಟಣ,the town,noun,ಣ,yes
ದೇವಾಲಯವು,The temple,noun,ು,no
ಕೆರೆಗಳ,of lakes,noun,ಳ,no
ಸ್ಥಳವೆಂದರೆ,The place is,noun,ೆ,no
ಪ್ರತಿಷ್ಠಾಪಿಸಿ,establish,prefix,ಿ,yes
ತಡವಾಗಿ,too late,noun,ಿ,no
ನಾಮಕರಣ,nomenclature,noun,ಣ,yes
ಸ್ಥಾಪಿಸಿದರು,established,noun,ು,no
ಹೆಮ್ಮೆ,pride,noun,ೆ,no
ವಿವರಿಸುವಲ್ಲಿ,In explaining,prefix,ಿ,yes
ಸಂಗಾತಿ,spouse,prefix,ಿ,yes
ಬೋಧನೆಯ,of teaching,noun,ಯ,yes
ವಿರಳವಾಗಿ,Rarely,prefix,ಿ,yes
ವರ್ಷದ,of the year,noun,ದ,yes
ಚಲನಚಿತ್ರಕ್ಕಾಗಿ,For the movie,noun,ಿ,no
ಹಂತಗಳನ್ನು,steps,noun,ು,no
ವಿಮರ್ಶೆಗಳಿಗೆ,For reviews,prefix,ೆ,yes
ಚಾನಲ್,channel,noun,್,no
ಸಂದೇಶಗಳನ್ನು,messages,prefix,ು,yes
ಅಪ್,Up,prefix,್,yes
ತಕ್ಕಂತೆ,accordingly,noun,ೆ,no
ತಾಣವಾಗಿದೆ,is the destination,noun,ೆ,no
ಭದ್ರತಾ,Security,noun,ಾ,no
ತೆರಿಗೆಗೆ,to tax,noun,ೆ,no
ಪ್ರಿಯತಮನನ್ನು,Beloved,prefix,ು,yes
ವಿಭಿನ್ನ,Different,prefix,ನ,yes
ಇಟ್ಟು,put,noun,ು,no
ಮುಚ್ಚಲಾಗುತ್ತಿತ್ತು,was closing,noun,ು,no
ಸುಡಲು,to burn,prefix,ು,yes
ಚಿಕ್ಕದಾಗಿರುತ್ತವೆ,are small,noun,ೆ,no
ಶೇರ್,Share,noun,್,no
ಬಳಕೆಯ,of use,noun,ಯ,yes
ಸುತ್ತಿಟ್ಟೂ,wrapped around,prefix,ೂ,yes
ನಾರ್ದರ್ನ್,Northern,noun,್,no
ಕ್ಯಾಲಿಫೋರ್ನಿಯಾ,California,noun,ಾ,no
ಬರೆದ,wrote,noun,ದ,yes
ವೇಗವು,The speed is,noun,ು,no
ಕೇಂದ್ರೀಕರಿಸಲಾಯಿತು,was concentrated,noun,ು,no
ಪ್ರಭೇದಕ್ಕಿಂತ,rather than variety,prefix,ತ,yes
ಸ್ಪ್ಯಾನಿಷ್,Spanish,noun,್,no
ಮುಕ್ಕೂಟ,the union,noun,ಟ,no
ಸಂಘಕ್ಕೆ,to the association,prefix,ೆ,yes
ಉಚ್ಚಾಟನೆಗೊಳಿಸುವುದಲ್ಲದೆ,Apart from expulsion,noun,ೆ,no
ಕೆಲಸಗಳನ್ನು,works,noun,ು,no
ಹೆಸರೇ,Name itself,noun,ೇ,no
ಮಾಫಿಯಾ,Mafia,noun,ಾ,no
ಕ್ರೈಸ್ತ,Christian,noun,ತ,yes
ನೇಪಲ್ಸ್,Naples,noun,್,no
ಹದಿಹರೆಯದ,adolescent,noun,ದ,yes
ಜನನಾಂಗ,Genitalia,noun,ಗ,yes
ಭಗವನ್ನು,the part,noun,ು,no
ಕಾಣಿಸುತ್ತದೆ,will appear,noun,ೆ,no
ಮಾಡುತ್ತದೆ,will do,noun,ೆ,no
ಮಾಡಿ,do,noun,ಿ,no
ರವಿ,Ravi,noun,ಿ,no
ಜಯಪ್ರದ,triumphant,noun,ದ,yes
ದೊರೆಯಿತು,got,noun,ು,no
ಮುಂಬಯಿನಲ್ಲಿ,In Mumbai,noun,ಿ,no
ಒದಗಿಸಿದ,Provided,noun,ದ,yes
ಅವರ,their,prefix,ರ,yes
ಸ್ಥಾಪಿಸಿದಳು,established,noun,ು,no
ತೆರಳಿದ,moved on,noun,ದ,yes
ವೆಂಕಟಯ್ಯ,Venkataiah,noun,ಯ,yes
ಶಾಸ್ತ್ರಿ,Shastri,noun,ಿ,no
ಶಾ,Shah,noun,ಾ,no
ನಿಂತಿದೆಯೆಂದೂ,Even if it is standing,noun,ೂ,no
ಪಿಲಿಪಂಜಿ,Pilipanji,noun,ಿ,no
ಐದನೇ,the fifth,noun,ೇ,no
ಮಾಯಿದ,gone,noun,ದ,yes
ಮೂರ್ಲೆ,Moorley,noun,ೆ,no
ಬೊಂಬೆಯಾಟ,Puppet play,noun,ಟ,no
ಎರವನ್,Erawan,noun,್,no
ದ್ರಾವಿಡ,Dravidian,noun,ಡ,yes
ಮಾಂಡ,Body,noun,ಡ,yes
ಬೇಟೆಗಾರರು,Hunters,noun,ು,no
ಇರುಳನ್,Irulan,noun,್,no
ಅಲ್ಲರ್,Aller,prefix,್,yes
ಸ್ಪಷ್ಟವಾಗಿ,Clearly,noun,ಿ,no
ಸರಳ,simple,noun,ಳ,no
ಎತ್ತಿ,lift up,noun,ಿ,no
ಪೃಥಕ್ಕಾಗಿ,For the earth,noun,ಿ,no
ಹಾಕಿದ್ದನ್ನು,What was put,noun,ು,no
ನೀಡತಕ್ಕದ್ದು,To be given,noun,ು,no
ಉಪಬಂಧಗಳು,Appendices,prefix,ು,yes
ಧಾರಣೆಗೆ,for retention,noun,ೆ,no
ಹೆಚ್ಚಾದ,Increased,noun,ದ,yes
ಅವುಗಳಲ್ಲಿ,Among them,prefix,ಿ,yes
ಪತ್ತೆಯಾದ,Found out,noun,ದ,yes
ಒಂದೋ,either,noun,ೋ,no
ಪತ್ತೆಯಾದವು,were discovered,noun,ು,no
ಇಂಗಾಲ,Carbon,noun,ಲ,yes
೧೪೦ರಿಂದ,From 140,noun,ದ,yes
ಎಂತಹ,What a,noun,ಹ,no
ವೈವಿಧ್ಯಮಯವಾಗಿದೆ,is diverse,noun,ೆ,no
ಬೆಡ್,the bed,noun,್,no
ಕಂಡುಬಂದರೂ,Although found,noun,ೂ,no
ಲಿಥೋಫೇಸಿಗಳನ್ನು,lithofacies,noun,ು,no
ಸೌತ್,South,noun,್,no
ಬ್ರಿಟನ್,Britain,noun,್,no
ನಿಕ್ಷೇಪಗಳಲ್ಲಿ,in deposits,noun,ಿ,no
ಕಮ್ಯೂನ್,Commune,noun,್,no
ಪ್ರಾಂತಗಳ,of provinces,prefix,ಳ,yes
ಆಳ್ವಿಕೆಗೆ,to reign,noun,ೆ,no
ಆರ್ಕ್,Ark,noun,್,no
ಮನ್ದೀಪ್,Mandeep,noun,್,no
ಕ್ರಿಯೇಷನ್ಸ್,Creations,noun,್,no
ಶನಿ,Sat,noun,ಿ,no
ಮಹಾದೆವು,Mahadev,prefix,ು,yes
ಸಂಕೇತ್,Symbol,prefix,್,yes
ಮ್ಯೂಕೊಪಾಲಿಸ್ಯಾಕರೈಡ್,Mucopolysaccharide,noun,್,no
ಸ್ಥಳಗಳಿಗೆ,to places,noun,ೆ,no
ನೇರ,direct,noun,ರ,yes
ಭಾಗಗಳೊಂದಿಗೆ,with parts,noun,ೆ,no
ಹರಿಯುತ್ತಿರುತ್ತದೆ,keeps flowing,noun,ೆ,no
ಗ್ರಾಹಿಗಳ,of customers,noun,ಳ,no
ಸುರ್ಜಿತ್,Surjit,prefix,್,yes
ಅಮೃತ್,Amrit,prefix,್,yes
ಪಾಟಾರ್,Potter,noun,್,no
ಪಟಿಯಾಲಾದ,of Patiala,noun,ದ,yes
ದಾಳಿ,attack,noun,ಿ,no
ಜರುಗಿಸಲು,to carry out,noun,ು,no
ನಿರಾಕರಿಸಿದ್ದರಿಂದ,Because he refused,noun,ದ,yes
ಮಕ್ಕಳು,Children,noun,ು,no
ಅಭಿವೃದ್ಧಿ,Development,prefix,ಿ,yes
ದೇವಸ್ಥಾನಗಳಿಗೆ,to the temples,noun,ೆ,no
ಪ್ರಾಣಿಗಳನ್ನುಆ,Animals,prefix,ಆ,yes
ಸೋಮೇಶ್ವರನು,Someshwara,noun,ು,no
ಹೊಯ್ಸಳ,Hoysala,noun,ಳ,no
ಪಡೆಗಳ,of forces,noun,ಳ,no
ಹಜಾರವು,The hallway,noun,ು,no
ನಿವಾರಣೆ,Elimination,noun,ೆ,no
ನೀವು,you,noun,ು,no
ಪುಟಕ್ಕೆ,to the page,noun,ೆ,no
ನೆರವಾಗಬಹುದು,can help,noun,ು,no
ನಿಮ್ಮನ್ನು,you,noun,ು,no
ಬೇಲ್,Bale,noun,್,no
ಗಳಿಸಲು,to earn,noun,ು,no
ಭಾಗದಷ್ಟಿತ್ತು,It was part,noun,ು,no
ಪೀಸ್,Piece,noun,್,no
ಮಾರ್ಚಿ,March,noun,ಿ,no
ರಂತೆ,as,noun,ೆ,no
ಉಳಿದ,The rest,noun,ದ,yes
ನೌಕರರು,employees,noun,ು,no
೧೮೭೦ರ,1870,noun,ರ,yes
ಗ್ರೆಗೋರಿಯನ್,Gregorian,noun,್,no
ಯಹೂದೀ,Jewish,noun,ೀ,no
ಸುಯಿ,Sui,prefix,ಿ,yes
ಮಾಧ್ಯಮದ,of media,noun,ದ,yes
ವಿಸ್ತರಿತ,Expanded,prefix,ತ,yes
ಸಮುದ್ರಕ್ಕೆ,to the sea,noun,ೆ,no
ವಂಶಪಾರಂಪರ್ಯವಾಗಿತ್ತು,It was hereditary,noun,ು,no
ಆರ್ಥಿಕತೆಯನ್ನು,the economy,noun,ು,no
ಅಂಗವಾಗಿದ್ದಾರೆ,are part of,prefix,ೆ,yes
ಮುಂಚಿತವಾಗಿ,in advance,noun,ಿ,no
ಆಟಗಾರರನ್ನು,the players,noun,ು,no
ಕ್ರೋವ್,Crowe,noun,್,no
ಫ್ರಾಂಚೈಸಿಗೆ,to the franchisee,noun,ೆ,no
ಎಂ,M,noun,ಂ,no
ಬ್ರಿಟನ್ನುಗಳಲ್ಲಿ,Among the Britons,noun,ಿ,no
ಮಹಾರಾಷ್ಟ್ರದ,of Maharashtra,prefix,ದ,yes
ಜೀವಾವಧಿ,life span,noun,ಿ,no
ಪ್ರಕರಣಗಳಲ್ಲಿ,In cases,prefix,ಿ,yes
ಭಾವಿಸುತ್ತಾರೆ,feel,noun,ೆ,no
ಸಾಗಾಟ,shipping,noun,ಟ,no
ಟೀಕಾಕಾರರಾಗಿ,Be a critic,noun,ಿ,no
ತೆಗೆದುಕೊಂಡದ್ದಾಗಿತ್ತು,was taken,noun,ು,no
ಮುಳ್ಳಿನಿಂದ,with a thorn,noun,ದ,yes
ಅಪ್ಸರಳು,A nymph,prefix,ು,yes
ಚಿಂತಿಸುತ್ತಿದ್ದನು,He was worried,noun,ು,no
ಕೃತಕನ,artificial,noun,ನ,yes
ಉನ್ನತಿಯ,Uplifting,noun,ಯ,yes
ಸಂಸ್ಥೆಯಾಗಿದೆ,is an institution,prefix,ೆ,yes
ಮುಖ್ಯಸ್ಥರಾದ,Chief,noun,ದ,yes
ಸಂಸ್ಥೆಗಳಲ್ಲಿ,In organizations,prefix,ಿ,yes
ಅಂದಿನ,of that time,prefix,ನ,yes
ತುಳು,Tulu,noun,ು,no
ದ್ವಿತೀಯಾರ್ಧದ,of the second half,noun,ದ,yes
ವಾಕಿಂಗ್,walking,noun,್,no
ಅಲೆಮಾರಿ,nomad,prefix,ಿ,yes
ಭಟ್,Bhat,noun,್,no
ಅದರಲ್ಲೂ,In particular,prefix,ೂ,yes
ರೆಡ್ಡಿ,Reddy,noun,ಿ,no
ಪ್ರತಿನಿಧಿ,Representative,prefix,ಿ,yes
ಪ್ರಧಾನಮಂತ್ರಿಗಳಲ್ಲೊಬ್ಬರು,One of the Prime Ministers,prefix,ು,yes
ಲಾಲ್,lol,noun,್,no
ಪೂರ್ವದಲ್ಲಿ,in the east,noun,ಿ,no
ಸಂಗ್ರಹಾಲಯಗಳಿಗೆ,For museums,prefix,ೆ,yes
ಅಪರಾಧಗಳು,Offenses,prefix,ು,yes
ಹೆಚ್ಚಾಗಿ,Mostly,noun,ಿ,no
ನಿದರ್ಶನಗಳನ್ನು,instances,noun,ು,no
ಅತ್ರಿ,Atri,prefix,ಿ,yes
ಸುಂದರ,beautiful,prefix,ರ,yes
ಅವಳನ್ನು,her,prefix,ು,yes
ಅವರು,They are,prefix,ು,yes
ಅಂಶವಾದ,Factorism,noun,ದ,yes
ದೊಡ್ಡಣ್ಣ,big brother,noun,ಣ,yes
ಇಲಕಲ್ಲ,Not a letter,noun,ಲ,yes
ವ್ಯಾಪ್ತಿಯಲ್ಲಿ,in scope,noun,ಿ,no
ಇತ್ಯಾದಿ,etc,noun,ಿ,no
ಕೊತಂಬರಿ,Coriander,noun,ಿ,no
ಪಡವಲಕಾಯಿ,Radish,noun,ಿ,no
ಸ್ಟೇಡ್,Stade,noun,್,no
ಶಾಲಾ,School,noun,ಾ,no
ತಂಡದಿಂದ,From the team,noun,ದ,yes
ಪ್ಲೇಯರ್,player,noun,್,no
ರೌಂಡ್,Round,noun,್,no
ವಿಷ್ಣುವರ್ಧನ್,Vishnuvardhan,prefix,್,yes
ಕಾರ್ವೆಟ್,Corvette,noun,್,no
ದರ್ಜೆ,grade,noun,ೆ,no
ಫ್ಲೀಟ್,Fleet,noun,್,no
ಮಹಾವೀರ,Mahavira,prefix,ರ,yes
ಶ್ರೀನಿವಾಸಪುರ,Srinivaspur,noun,ರ,yes
ಆನೇಕಲ್,Anacle,noun,್,no
ಗದಗ,Gadaga,noun,ಗ,yes
ಬಂಗಾರಪೇಟೆ,Bangarpet,noun,ೆ,no
ಪಾವಗಡ,a sin,noun,ಡ,yes
ಕುಮಟಾ,Kumata,noun,ಾ,no
ವಿಕಿಪೀಡಿಯ,Wikipedia,prefix,ಯ,yes
ಬೋಪಣ್ಣ,Bopanna,noun,ಣ,yes
ಚಿತ್ರನಟಿ,actress,noun,ಿ,no
ಮೇಘಾ,Megha,noun,ಾ,no
ಜನಪ್ರಿಯ,popular,noun,ಯ,yes
ರಂಗಭೂಮಿಗೆ,to the theatre,noun,ೆ,no
ಸ್ವಾತಂತ್ರ್ಯ,freedom,noun,ಯ,yes
ಸುಚೇತ,Sucheta,prefix,ತ,yes
ಸೊ೦ಟಕ್ಕೆ,To the waist,noun,ೆ,no
ದಾಸ್,Das,noun,್,no
ಬಾಲರಾಜ್,Balaraj,noun,್,no
ಚಿತ್ರದಲ್ಲಿ,In the picture,noun,ಿ,no
ದೇಸಾಯಿ,Desai,noun,ಿ,no
ಯುಪಾದಲ್ಲಿ,In Yupa,noun,ಿ,no
ಇಂಡೋನೇಷ್ಯಾದಲ್ಲಿ,In Indonesia,noun,ಿ,no
ಕುಡುಂಗ,Kudunga,noun,ಗ,yes
ದೃಶ್ಯದ,of the scene,noun,ದ,yes
ಸ್ತಂಭದ,pillar,noun,ದ,yes
ಸ್ತಂಭವಾಗಿದೆ,is a pillar,noun,ೆ,no
ವಸ್ತುಸಂಗ್ರಹಾಲಯದಲ್ಲಿರುವ,In the museum,noun,ವ,yes
ಕೊಠಡಿಗಳನ್ನು,rooms,noun,ು,no
ಸ್ವರ್ಣ,Gold,noun,ಣ,yes
ದಿಂದ,from,noun,ದ,yes
ಕಿಮೀ,km,noun,ೀ,no
ಔತಣಕೂಟ,Banquet,noun,ಟ,no
ಕ್ಯಾಂಟನ್ಗಳು,Cantons,noun,ು,no
ಮೂಲಗಳು,sources,noun,ು,no
ಶಾಲೆಗಳು,schools,noun,ು,no
ವಿವಾಹ,marriage,prefix,ಹ,yes
ಪಿನ್,Pin,noun,್,no
ಮಂಗಳೂರಿನಿಂದ,From Mangalore,noun,ದ,yes
ತಲುಪಬಹುದು,can reach,noun,ು,no
ಹೆದ್ದಾರಿ,Highway,noun,ಿ,no
ಸೇತು,the bridge,noun,ು,no
ಸಾಹಿತಿಗಳು,Literature,noun,ು,no
ಸಣ್ಣಪ್ರಮಾಣದ,Small scale,noun,ದ,yes
ಸಂಗ್ರಹಿಸುತ್ತಾರೆ,collects,prefix,ೆ,yes
ಬಿಳಿಚಿಕೊಳ್ಳುತ್ತದೆ,turns white,noun,ೆ,no
ಕೃತಕವರ್ಣಗಳು,Artificial colors,noun,ು,no
ಬೀಜಗಳಿರುತ್ತವೆ,There are seeds,noun,ೆ,no
ಕರಗಿ,dissolve,noun,ಿ,no
ಏಷಿಯಾ,Asia,noun,ಾ,no
ಬೆಳಗಾಂವಿ,Belgaum,noun,ಿ,no
ಲಭ್ಯವಿರುವ,Available,noun,ವ,yes
ಮೀನುಗಾರಿಕೆ,fishing,noun,ೆ,no
ದಿನೇ,day itself,noun,ೇ,no
ಇಷ್ಟೊಂದು,That's all,noun,ು,no
ಆಚಾರವಿಚಾರಗಳನ್ನು,Rituals,noun,ು,no
ನಗರವು,The city,noun,ು,no
ಕ್ರಿಯೆಯಲ್ಲಿ,in action,noun,ಿ,no
ಸರಾಗವಾಗಿ,smoothly,noun,ಿ,no
ಬಾಯ್ಲರ್,Boiler,noun,್,no
ಜೋಷಾಯಿ,Joshua,noun,ಿ,no
ನಿವಾರಿಸಿದೆ,Remedied,noun,ೆ,no
ಗೋಪುರಗಳಂತಹ,like towers,noun,ಹ,no
ವಿರಳವಾದ,rare,noun,ದ,yes
ಯಾಗುತ್ತದೆ,becomes,noun,ೆ,no
ಆಂಡರ್ಸನ್,Anderson,noun,್,no
ಏನ್ಷಂಟ್,Ancient,noun,್,no
ಕೆರೊಲಿನಾದ,of Carolina,noun,ದ,yes
ಇದ್ದಕ್ಕಿದ್ದಂತೆ,suddenly,noun,ೆ,no
ಪಾಲಿಕ,Corporation,noun,ಕ,yes
ರೋಗದಿಂದಾಗುತ್ತಿದ್ದ,Caused by disease,noun,ದ,yes
ಮಂಡಲದ,Mandala,noun,ದ,yes
ಗ್ರಂಥಿಗಳಿಗೆ,to the glands,noun,ೆ,no
ನಂಥ,mine,noun,ಥ,no
ನಿರ್ದೇಶಿಸಿದ,directed by,noun,ದ,yes
ಜಾಗೃತಿಯ,of awareness,noun,ಯ,yes
ಅನುಕ್ರಮವಾಗಿ,respectively,prefix,ಿ,yes
ಸ್ಕ್ವ್ಯಾಷ್,Squash,noun,್,no
ಅರಳಿದವು,Bloomed,prefix,ು,yes
ಹತ್ತಿ,Cotton,noun,ಿ,no
ಅರವಿಂದ್,Arvind,prefix,್,yes
ನೀಡುತ್ತದೆ,gives,noun,ೆ,no
ಇಲ್ಲಿಂದಲೇ,From here,noun,ೇ,no
ಗಡಿಯನ್ನು,the border,noun,ು,no
ರಾಮನು,Rama is,noun,ು,no
ಮಹಾಕಾವ್ಯದಲ್ಲಿ,In the epic,prefix,ಿ,yes
ಕೃಷ್ಣವೇಣಿ,Krishnaveni,noun,ಿ,no
ಆಕ್ರಮಣ,attack,noun,ಣ,yes
ವ್ಯಕ್ತಿಯ,of a person,noun,ಯ,yes
ಅನುಪಸ್ಥಿತಿಯು,Absence,prefix,ು,yes
ಜೀವಶಕ್ತಿ,life force,noun,ಿ,no
ಸಾಧಿಸುವ,Achieving,noun,ವ,yes
ಕಾಯಿಲೆಯ,disease,noun,ಯ,yes
ತೃಪಿ,Satisfied,noun,ಿ,no
ಏವಿಚ್,Avitch,noun,್,no
ಝ್,Z,noun,್,no
ಪ್ರಕಾರ,According to,noun,ರ,yes
ಜನಗಳಲ್ಲಿ,Among the people,noun,ಿ,no
ಕಾಕಲ್ಯೀಕರಣವೇ,Kakalization itself,noun,ೇ,no
ಒರಿಸ್ಸದ,of Orissa,noun,ದ,yes
ಜನಗಣತಿಯ,Census,noun,ಯ,yes
ಗದಬ,An uproar,noun,ಬ,yes
ಮಣ್ಣಿನಲ್ಲಿರುವ,in the soil,noun,ವ,yes
ಹಸಿರುಬಣ್ಣದೊಡನೆ,With green color,noun,ೆ,no
ಗುಂಪಿನಲ್ಲಿ,in the group,noun,ಿ,no
ಪಕ್ಷಿಗಳಿರಬಹುದು,There may be birds,noun,ು,no
ಸೂಕ್ತವಾಗಿ,appropriately,noun,ಿ,no
ಮಾಪಕಗಳಷ್ಟು,As scales,noun,ು,no
ಅನಿಲ,gas,prefix,ಲ,yes
ಟ್ಯೂಬ್,tube,noun,್,no
ಕೊಳವೆಯೊಳಗಿನ,Inside the tube,noun,ನ,yes
ಸ್ತ್ರೆಸ್,Stress,noun,್,no
ಪಡಿಸಲು,to make,noun,ು,no
ವರದಿ,Report,noun,ಿ,no
ಒಂದಾಗಿದೆ,is one,noun,ೆ,no
ಹಿತಾಸಕ್ತಿಯನ್ನು,interest,noun,ು,no
ಕಾರ್ಮಿಕ,labor,noun,ಕ,yes
ಲಿಂಕ್,Link,noun,್,no
ಕಾಯಿದೆಗಳು,Acts,noun,ು,no
ಹಗುರದೋಣಿ,light boat,noun,ಿ,no
ಎನರ್ಜಿ,Energy,noun,ಿ,no
ಚಿಲ್ಲರೆ,Retail,noun,ೆ,no
ಅಧ್ಯಕ್ಷರಾದ,President,prefix,ದ,yes
ಇಕನಾಮಿಕ್,economic,noun,್,no
ಸಸ್ಯಗಳು,Plants,noun,ು,no
ಜನಪ್ರಿಯವಾಗಿವೆ,are popular,noun,ೆ,no
ಎಕ್ಸರೆ,x-ray,noun,ೆ,no
ಕುಂದು,Kundu,noun,ು,no
ಸೈಟ್,Site,noun,್,no
ಬಾತು,the duck,noun,ು,no
ಖಾಲಿ,empty,noun,ಿ,no
ಬೋಲ್ಟ್,Bolt,noun,್,no
ಕಂಪ್ಯೂಟರ್,Computer,noun,್,no
ಇರುವುದುಂಟು,There will be,noun,ು,no
ಸಾಲದ,of debt,noun,ದ,yes
ಉತ್ಪಾದನೆಗಳ,of productions,noun,ಳ,no
ದಲ್ಲಾಳಿಗಳೆಂದು,As brokers,noun,ು,no
ಸೂತ್ರಗಳನ್ನು,formulas,noun,ು,no
ರೀತಿನೀತಿಗಳು,Policies,noun,ು,no
ಬದ್ಧನಾಗಿರುತ್ತಾನೆ,is committed,noun,ೆ,no
ತತ್ತ್ವಗಳನ್ನೂ,Principles too,noun,ೂ,no
ಸುಲಭವಾಗಿ,Easily,prefix,ಿ,yes
ಪದ್ಧತಿ,custom,noun,ಿ,no
ಆಡಳಿತಕ್ಕಿಂತಲೂ,than administration,noun,ೂ,no
ಹೆಸರಿಸುವಾಗ,When naming,noun,ಗ,yes
ಪುಂಜಗಳಿಂದ,from the punjas,noun,ದ,yes
ಸಂಯುಕ್ತಗಳೆಂಬ,Compounds,prefix,ಬ,yes
ಸಿಮೆಟ್ರಿಕ್,Symmetrical,noun,್,no
ಅಂಚಿನಿಂದ,from the edge,prefix,ದ,yes
ಸಮಾಜದ,of society,noun,ದ,yes
ಬಿಡುಗಡೆಮಾಡಿತು,Released,noun,ು,no
ಒಳಗೊಳ್ಳುವಿಕೆಯ,of involvement,noun,ಯ,yes
ಸಾಧ್ಯತೆಯನ್ನೂ,Likely too,noun,ೂ,no
ಟ್ರಂಪ್,Trump,noun,್,no
ಸಿಂಗಲ್ಸ್,Singles,noun,್,no
ನಿರ್ಣಯಕಾರನಾಗಿದ್ದ,He was decisive,noun,ದ,yes
ಫಾದರ್,Father,noun,್,no
ಅಂಗಿ,the shirt,prefix,ಿ,yes
ಸಂಯುಕ್ತ,composite,prefix,ತ,yes
ಜನವರಿ,January,noun,ಿ,no
ಬ್ಲಾಸ್ಟ್,Blast,noun,್,no
ಭಿನ್ನವಾಗಿದೆ,is different,noun,ೆ,no
ತೂಗುತ್ತದೆ,weighs,noun,ೆ,no
ವಿನ್ಯಾಸಗೊಳಿಸಲಾಗಿದೆ,designed,prefix,ೆ,yes
ದೊರಕಿದೆ,received,noun,ೆ,no
ಸಾಗಾಟಕ್ಕೆ,for shipping,noun,ೆ,no
ಜನಪ್ರಿಯತೆಯಿಂದಾಗಿ,Because of popularity,noun,ಿ,no
ಚೀನಾದಲ್ಲಿ,In China,noun,ಿ,no
ಹಡಗುಪಡೆಗಳು,fleets,noun,ು,no
ಶ್ರೀನಗರ,Srinagar,noun,ರ,yes
ಆನ್,Ann,noun,್,no
ಸ್ಪೇನ್,Spain,noun,್,no
ಪ್ರಜಾತಂತ್ರ,democracy,prefix,ರ,yes
ಸೋವಿಯೆಟ್,Soviet,noun,್,no
ಸುಲಭವಾಗುತ್ತದೆ,will be easy,prefix,ೆ,yes
ಗೊತ್ತುವಳಿ,Identified,noun,ಿ,no
ಸಂಸದೀಯ,Parliamentary,prefix,ಯ,yes
ಲಿಖಿತ,written,noun,ತ,yes
ವಸ್ತುವಾಗಿರಬಹುದು,may be material,noun,ು,no
ಕಾರ್ಯವಿಧಾನ,procedure,noun,ನ,yes
ತರಬೇಕು,should be brought,noun,ು,no
ತುಂಗಾ,Tunga,noun,ಾ,no
ಬಾಣವು,the arrow,noun,ು,no
ಚಂಚನಕಟ್ಟೆ,Chanchanakte,noun,ೆ,no
ಕುಚಿಕಲ್,Little one,noun,್,no
ಕೆಳಭಾಗದಲ್ಲಿ,At the bottom,noun,ಿ,no
ಕಾಡನ್ನು,the forest,noun,ು,no
ಕಾಪು,Kapu,noun,ು,no
ಪಂಚಮಿ,Panchami,noun,ಿ,no
ರುಸೋ,Rousseau,noun,ೋ,no
ಜ಼ಾಕ್ವಸ್,Jacques,noun,್,no
ತಿಳಿಸಿದರು,Told,noun,ು,no
ಆಸ್ತಿ,Property,noun,ಿ,no
ಅರ್ಥದಲ್ಲಿ,in sense,prefix,ಿ,yes
ಅಭಿವೃದ್ಧಿಯ,of development,prefix,ಯ,yes
ಪುಷ್ಪ,flower,noun,ಪ,yes
ಖರೀದಿಸುವುದಿಲ್ಲ,Will not buy,noun,ಲ,yes
ದಾರುವನ್ನು,the liquor,noun,ು,no
ಕಬ್ಬಿಣದ,of iron,noun,ದ,yes
ಇನೊಫೈಲಮ್,Inophyllum,noun,್,no
ಜಾನಪದ,folklore,noun,ದ,yes
ಎಮ್ಎಎಸ್ಎಚ್ಎಲ್ಎಮ್,MASHLM,noun,್,no
ಪಬ್ಲಿಕ,public,noun,ಕ,yes
ಮಾನವೀಯ,humanitarian,noun,ಯ,yes
ಪದವಿಗಳ,degrees,noun,ಳ,no
ಕಾರ್ಯಕ್ರಮಗಳನ್ನು,programs,noun,ು,no
ಪೂರ್ಣಗೊಳಿಸಲು,to complete,noun,ು,no
ಶತಮಾನಗಳಾದ್ಯಂತ,across the centuries,noun,ತ,yes
ಗಾಳಿಯ,of air,noun,ಯ,yes
ಪೂ,BC,noun,ೂ,no
ಎಂಬುದು,is,noun,ು,no
ವಿಷಯವಾಗಿದೆ,is the subject,prefix,ೆ,yes
ಅದರೊಳಗಿನ,within it,prefix,ನ,yes
ಮಲೇಷ್ಯಾದಲ್ಲಿ,In Malaysia,noun,ಿ,no
ಪಂದ್ಯಾವಳಿಗಾಗಿ,For the tournament,noun,ಿ,no
ಟ್ವೆಂಟಿ,Twenty,noun,ಿ,no
ಘಟಕವನ್ನೋ,unit,noun,ೋ,no
ರೆಹಮಾನ್,Rahman,noun,್,no
ಜಲಮಾರ್ಗಗಳಲ್ಲಿ,in waterways,noun,ಿ,no
ವಿಶೇಷಗಳು,Specials,prefix,ು,yes
ನಾಟಕಗಳು,dramas,noun,ು,no
ಆಕಾಶದ,of the sky,noun,ದ,yes
ಮೆರವಣಿಗೆಗಾಗಿ,for the parade,noun,ಿ,no
ಸಮಿತಿಗಳಿವೆ,There are committees,noun,ೆ,no
ನವದುರ್ಗೆಯರ,of Navadurga,noun,ರ,yes
ವಿಗ್ರಹಾರಾಧನೆಯಿಂದ,from idolatry,prefix,ದ,yes
ಗುರುತಿಸುವ,identifying,noun,ವ,yes
ರೂಢಿ,the custom,noun,ಿ,no
ದುರ್ಗುಣವು,vice,prefix,ು,yes
ಕ್ಷೇತ್ರದಿಂದ,from the field,noun,ದ,yes
ನಿಷ್ಪತ್ತಿಯ,Nispatti,noun,ಯ,yes
ಹೊರಹೊಮ್ಮುವಿಕೆಯು,Emergence,noun,ು,no
ವಿಸರಣೆಯಿಂದ,By diffusion,prefix,ದ,yes
ಹತ್ತಿರದಲ್ಲಿರುತ್ತವೆ,are close,noun,ೆ,no
ಪಕ್ಕದಲ್ಲಿ,next to,noun,ಿ,no
ತೆರಳುತ್ತಾರೆ,will move,noun,ೆ,no
ಸಾಮಗ್ರಿಗಳನ್ನು,materials,noun,ು,no
ದೇವಸ್ಥಾನವಾಗಿದೆ,It is a temple,noun,ೆ,no
ದೌರ್ಜನ್ಯವಾಗಿತ್ತು,It was brutal,noun,ು,no
ಸಕೇಶಿಯರಾದ,Sakeshiya,noun,ದ,yes
ಚಟ್ಟೋಪಾಧ್ಯಾಯಯರವರ,Chattopadhyay's,noun,ರ,yes
ಅಪರೂಪಕ್ಕಾದರೂ,Rarely though,prefix,ೂ,yes
ಅನರ್ಹರು,ineligible,prefix,ು,yes
ಮತೀಯ,sectarian,noun,ಯ,yes
ಸಂಪಾದಿಸಲಾಯಿತು,Edited,prefix,ು,yes
ಬಂಡವಾಳಸರಕು,capital goods,noun,ು,no
ಅವಕ್ಕೆ,to them,prefix,ೆ,yes
ಸುಧಾರಿತ,Improved,prefix,ತ,yes
ನಿವಾರಿಸುವ,Relieving,noun,ವ,yes
ಹೊಂದಿಸುವುದಕ್ಕೂ,To adjust,noun,ೂ,no
ಮಧ್ಯಮವರ್ಗದ,Middle class,noun,ದ,yes
ಪ್ರಯೋಗಗಳನ್ನು,experiments,prefix,ು,yes
ಜೋರ್,Loud,noun,್,no
ತೆಗೆದುಹಾಕಲು,to remove,noun,ು,no
ಮಗನೂ,son too,noun,ೂ,no
ಜಗತ್ತು,the world,noun,ು,no
ಪ್ರಜಾನುಡಿ,Public speaking,prefix,ಿ,yes
ವಚನ,Vow,noun,ನ,yes
ಸಿದ್ಧಿ,siddhi,noun,ಿ,no
ಹೃದಯವಂತ,hearty,noun,ತ,yes
ಇನ್ಟೆರ್ನೇಶಿನಲ್,International,noun,್,no
ಸೇರಿದರಿಂದ,Since belonging,noun,ದ,yes
ಪ್ರಮಾಣವನ್ನು,quantity,prefix,ು,yes
ಪೂನಃ,Poonah,noun,ಃ,no
ಹೆಚ್ಚಾಗುತ್ತದೆ,increases,noun,ೆ,no
ಮಾರ್ಟೆಂಸೈಟ್,Martensite,noun,್,no
ಸಮರ್ಥನೀಡಿತ್ತು,Justified,noun,ು,no
ಬಳಕೆಗಳಿಗೆ,for uses,noun,ೆ,no
ಸೀಸ,lead,noun,ಸ,no
ಇವುಗಳ,of these,noun,ಳ,no
ಚಿಹ್ನೆಗೂ,to the symbol,noun,ೂ,no
ನಿಕ್ಕಲ್,Nickel,noun,್,no
ಕಾಮೇಶನ,Commission,noun,ನ,yes
ಐಂದ್ರಿತಾ,Aindrita,noun,ಾ,no
ಪಿಬಿ,PB,noun,ಿ,no
ಗೋಲ್ಮಾಲ್,Golmaal,noun,್,no
ಸೀನು,sneeze,noun,ು,no
ಗೌರಿ,Gauri,noun,ಿ,no
ರಾವ್,Rao,noun,್,no
ಅಸಾಧು,asadha,prefix,ು,yes
ಭಾವನಿಷ್ಟ,emotional,noun,ಟ,no
ಸ್ವಭಾವದಿಂದ,By nature,noun,ದ,yes
ಸಂದೇಹಕ್ಕೆ,In doubt,prefix,ೆ,yes
ಪ್ರಮಾಣವಾಗಲಾರದು,Cannot be sworn,prefix,ು,yes
ಕಾರ್ಯಕ್ಕೆ,to the task,noun,ೆ,no
ಬಂಧನದಲ್ಲಿ,in custody,noun,ಿ,no
ಸ್ಥಿತಿಯಲ್ಲಿರುತ್ತದೆ,is in condition,noun,ೆ,no
ಬಾಗಿರುತ್ತದೆ,bent,noun,ೆ,no
ಆಕರ್ಷಣೆ,attraction,noun,ೆ,no
ನರ್ವಸ್,Nervous,noun,್,no
ಸಿದ್ಧಾಂತಕ್ಕೆ,to theory,noun,ೆ,no
ಬಳಕೆಗೆ,for use,noun,ೆ,no
ಸ್ವಾಪ,Swapa,noun,ಪ,yes
ಯೋಜನೆಯೊಳಗೆ,Within the project,noun,ೆ,no
ಇದಕ್ಕಾಗಿ,For this,noun,ಿ,no
ಅಂಗೀಕರಿಸಲಾಯಿತು,was accepted,prefix,ು,yes
ವಿಕಿಪುಸ್ತಕ,Wikipedia,prefix,ಕ,yes
ಅಳಿಸಲು,to delete,prefix,ು,yes
ಎರ್ಗೊಸ್ಟಿರಾಲಿನ,of ergosterol,noun,ನ,yes
ಹೋಳುಗಳಾಗಿ,into slices,noun,ಿ,no
ಕಡ್ಡಾಯವಾಗಿ,Mandatory,noun,ಿ,no
ವಾಸನೆಗಳಿಂದ,by smells,noun,ದ,yes
ಉಪಯೊಗಿಸುತಿದ್ದರು,was used,prefix,ು,yes
ಥೈಲಾಂಡ್,Thailand,noun,್,no
ಪ್ರದೆಶದಲ್ಲಿ,in the region,prefix,ಿ,yes
ಮ್ಯಾಂಗೊಸ್ಟೆನ್,Mangosteen,noun,್,no
ಪದನಾಮವನ್ನು,designation,noun,ು,no
ಏಷ್ಯಾಕ್ಕೆ,to Asia,noun,ೆ,no
ಗೋಸಾಲ,Cowshed,noun,ಲ,yes
ಒಪ್ಪಿಕೊಂಡ,Accepted,noun,ಡ,yes
ವಿಧಿ,destiny,prefix,ಿ,yes
ಕಲ್ಚರಲ್,Cultural,noun,್,no
ಗಾಯಕಿಯಾದರು,Became a singer,noun,ು,no
ವಿಕ್ರಮ್,Vikram,prefix,್,yes
ಕುಡಮಲೂರು,Kudamalur,noun,ು,no
ಲಕ್ನೋದ,of Lucknow,noun,ದ,yes
ಕುಮಾರಿ,Kumari,noun,ಿ,no
ಆಟಿಕೆ,a toy,noun,ೆ,no
ಕಾನ್ವೆಂಟ್,Convent,noun,್,no
ಪಾಲುಗಳು,stakes,noun,ು,no
ಬಿಲ್,Bill,noun,್,no
ಕುತ್ತಿಗೆ,the neck,noun,ೆ,no
ಭಾಷಾವಾರು,linguistically,noun,ು,no
ಮಲೇಶಿಯಾ,Malaysia,noun,ಾ,no
ಮಹಾರಾಜ,Maharaja,prefix,ಜ,yes
ನಾಯಕರಾಗಿದ್ದ,He was the leader,noun,ದ,yes
ಕೊರಿಯಾ,Korea,noun,ಾ,no
ಅಂತರಾಷ್ಟ್ರೀಯ,International,prefix,ಯ,yes
ಗಳಲ್ಲಿ,in the,noun,ಿ,no
ಪದಕ,medal,noun,ಕ,yes
ಪ್ರಚಾರಕರಾಗಿ,Become a campaigner,prefix,ಿ,yes
ಪ್ರವರ್ತಕರಾದರು,Became a pioneer,prefix,ು,yes
ಆಯಸ್ಸು,age,noun,ು,no
ಪೊದೆಗಳು,bushes,noun,ು,no
ಕಂಡುಬಂದಿದೆ,found,noun,ೆ,no
ದುರಸ್ತಿ,repair,prefix,ಿ,yes
ಸಂಕ್ಷಿಪ್ತವಾಗಿ,In short,prefix,ಿ,yes
ಇಲ್ಲದಿರುವಿಕೆ,Absence,noun,ೆ,no
ಮಗುವೊಂದರ,of a child,noun,ರ,yes
ಖಾಂಡೇಕರ್,Khandekar,noun,್,no
ಜನನದ,of birth,noun,ದ,yes
ವಿಶ್ವನಾಥ,Vishwanath,prefix,ಥ,yes
ನೆಮಾಡೆ,Nemade,noun,ೆ,no
ಲಕ್ಷ್ಮಿನಾರಾಯಣ,Lakshminarayan,noun,ಣ,yes
ಹರ್ಷ,joy,noun,ಷ,no
ಕಾಳೆ,weed,noun,ೆ,no
ವಿದ್ಯಾಪ್ರಚಯ,education,prefix,ಯ,yes
ಜನವಶ್ಯದಲ್ಲಿ,In Janavashya,noun,ಿ,no
ದೇವನ,God,noun,ನ,yes
ಜೈನಧರ್ಮವನ್ನು,Jainism,noun,ು,no
ಗ್ರಂಥಗಳಲ್ಲೊಂದು,One of the scriptures,noun,ು,no
ನಿಷ್ಪತ್ತಿಯನ್ನು,A perfect,noun,ು,no
ಪೋರ್ಚುಗೀಸ್,Portuguese,noun,್,no
ನದಿಯ,of the river,noun,ಯ,yes
ಕೊಡುಂಗಲ್ಲೂರಿನಲ್ಲಿ,In Kodungallur,noun,ಿ,no
ಶ್ರೀಶಾಂತಿ,Sreeshanti,noun,ಿ,no
ಫಣಿ,Fani,noun,ಿ,no
ಕಾಯಿಲೆಗೆ,to disease,noun,ೆ,no
ಅಡಿಗಳಷ್ಟು,in feet,prefix,ು,yes
ಘಾಸಿಗೊಂಡ,hurt,noun,ಡ,yes
ಭೂಮಿಯತ್ತ,to earth,noun,ತ,yes
ಕಾರಣವಾಗುವ,Causing,noun,ವ,yes
ಕೊಲ್ಲಲಾರದು,can't kill,noun,ು,no
ಹಳ್ಳಿಯವರು,Villagers,noun,ು,no
ನೀಡುವುದಕ್ಕಾಗಿ,for giving,noun,ಿ,no
ತರಕಾರಿಗಳ,of vegetables,noun,ಳ,no
ರೈತ,the farmer,noun,ತ,yes
ಏಕವ್ಯಕ್ತಿ,A soloist,noun,ಿ,no
ಮಾಡಿಕೊಂಡ,made,noun,ಡ,yes
ಕಲಬುರಗಿ,Kalaburagi,noun,ಿ,no
ಪಾತ್ರಕ್ಕಾಗಿ,For the role,noun,ಿ,no
ಅಂಕಿಅಂಶಗಳ,Statistics,prefix,ಳ,yes
ಹುದ್ದೆಯನ್ನು,designation,noun,ು,no
ಪವಿತ್ರತೆ,sanctity,noun,ೆ,no
ಸಂತಾನ,offspring,prefix,ನ,yes
ಭಕ್ತನ,Devotee,noun,ನ,yes
ಸಮಾರಂಭವನ್ನು,the ceremony,noun,ು,no
ಸಾಮ್ರಾಜ್ಞಿಯಾಗಿದ್ದಳು,She was an empress,noun,ು,no
ಸ್ವೀಕಾರ,Acceptance,noun,ರ,yes
ವಿರೋಧಿ,anti,prefix,ಿ,yes
ಮಜಿಥಿಯಾ,Majithia,noun,ಾ,no
ಲೋಕಸಭೆಗೆ,to the Lok Sabha,noun,ೆ,no
ದೋಚಿದನು,robbed,noun,ು,no
ಶಾಸ್ತ್ರೀಯ,Classical,noun,ಯ,yes
ಅಪೀಜೆ,Apeejay,prefix,ೆ,yes
ಭಿ,Bhi,noun,ಿ,no
ಶಾಲಿಮಾರ್,Shalimar,noun,್,no
ವಿಕಾಸ್,Vikas,prefix,್,yes
ನಡೆಯುತ್ತಿದ್ದ,was walking,noun,ದ,yes
ಮೈದಾನದಲ್ಲಿ,in the field,noun,ಿ,no
ಕೆಳಕಂಡವು,The following are,noun,ು,no
ಇಟ್,It,noun,್,no
ಒಳಗೊಳ್ಳುವುದು,to include,noun,ು,no
ಪ್ರದರ್ಶನವಾಗುವ,will be displayed,prefix,ವ,yes
ಮೂಡಿಸುವುದು,Creating,noun,ು,no
ಕೊಳಚೆ,dirty,noun,ೆ,no
ಮೌತ್,Mouth,noun,್,no
ಪರೀಕ್ಷೆಗೆ,to the exam,noun,ೆ,no
ಬೆಕ್ಕ್ಹಾಮ್,Beckham,noun,್,no
ಕರೆಯಲ್ಪಡುತ್ತಿದ್ದ,was called,noun,ದ,yes
ತರಬೇತುದಾರರಾಗಿ,Become a trainer,noun,ಿ,no
ಸಂದರ್ಶನಗಳನ್ನು,Interviews,prefix,ು,yes
ಹೆದ್ದಾರಿಯಲ್ಲಿ,On the highway,noun,ಿ,no
ಪಾರ್ಕಿನ್ಸನ್,Parkinson's,noun,್,no
ಪರೀಕ್ಷೆಗಳಮೂಲಕ,through tests,noun,ಕ,yes
ಹೊರತಾದ,outside,noun,ದ,yes
ಸನ್,Sun,noun,್,no
ಇವರಿಗೆ,For these,noun,ೆ,no
ಇರುವವೂ,There is,noun,ೂ,no
ಎಲೆಕ್ಟ್ರಾನಿನ,of electron,noun,ನ,yes
ಬಲಕ್ಕೆ,to the right,noun,ೆ,no
ವಿದ್ಯುದಾವೇಶಗಳಿವೆ,There are electric charges,prefix,ೆ,yes
ಬೀಜಕಣಗಳ,of spores,noun,ಳ,no
ತಪ್ಪಿಸಲು,to avoid,noun,ು,no
ಶೈವ,Shaiva,noun,ವ,yes
ರಾಮನಾಮ,Ramanama,noun,ಮ,yes
ವೃತ್ತಾಂತ,Chronicle,noun,ತ,yes
ಶನಿಯಿಂದ,from Saturn,noun,ದ,yes
ವರಗಳನ್ನು,boons,noun,ು,no
ಕಬೀರ್,Kabir,noun,್,no
ಹುಡುಕಾಡುತ್ತವೆ,Search,noun,ೆ,no
ಜಾತಿಯಾಗಿದ್ದು,Caste,noun,ು,no
ವಿಸ್ತಾರವಾಗಿ,extensively,prefix,ಿ,yes
ತೊಗಟೆಯಲ್ಲಿ,in the bark,noun,ಿ,no
ಸುಧಾರಿಸಲು,to improve,prefix,ು,yes
ಎಐ,AI,noun,ಐ,yes
ಣೆತೆಕ್ಷ್ಪ್ಲೊರತೆಉರ್ಸ್,Netekshploratheurs,noun,್,no
೨೦೦೯ರಲ್ಲಿ,In 2009,noun,ಿ,no
ಹಾರಿದರು,flew,noun,ು,no
ಇಂಗ್ಲೆಂಡಿಗೆ,to England,noun,ೆ,no
ಎನ್ನಲಾಗುತ್ತದೆ,It is called,noun,ೆ,no
ವಿರೊಧಿಸಿ,oppose,prefix,ಿ,yes
ಉಲ್ಲಂಘನೆಯಾಗಿತ್ತು,was a violation,noun,ು,no
ಚರ್ಚಿಲ್ಲರ,Churchless,noun,ರ,yes
ಉದಾಹರಣೆ,Example,noun,ೆ,no
ಶ್ರೇಯಾಂಕ,ranking,noun,ಕ,yes
ಹುಡುಗಿಯರಿಗೆ,For girls,noun,ೆ,no
ಪ್ರಜ್ವಲ್,Prajwal,prefix,್,yes
ಮೈಕೆಲ್,Michael,noun,್,no
ಜೀನ್,Gene,noun,್,no
ಜನತೆಯ,of the people,noun,ಯ,yes
ದಂಪತಿಗಳಾದ,As a couple,noun,ದ,yes
ಘನಶ್ಯಾಮದಾಸ,Ghanshyamadasa,noun,ಸ,no
ರಾಜಾಸ್ಥಾನದ,of Rajasthan,noun,ದ,yes
ಅವಶ್ಯಕತೆಗಳ,requirements,prefix,ಳ,yes
ಕಾರುಗಳ,of cars,noun,ಳ,no
ಲೇನಿನಲ್ಲಿರುವ,in the lane,noun,ವ,yes
ಬಲೆಯ,trap,noun,ಯ,yes
ಹೊಡೆದು,hit,noun,ು,no
ಹಿಂಗಡಿರೇಖೆಯ,Backline,noun,ಯ,yes
ಬೇಸಿಗೆ,Summer,noun,ೆ,no
ಚಳವಳಿಯ,of movement,noun,ಯ,yes
ಮೆಡಿಕಲ್,Medical,noun,್,no
ಅಪೂರ್ಣ,incomplete,prefix,ಣ,yes
ಉದ್ದೇಶಪೂರ್ವಕವಾಗಿ,On purpose,noun,ಿ,no
ಕಾಳಿಂಗರಾವ್,Kalingarao,noun,್,no
ಕಲಾಜ್ಯೋತಿ,Kalajyoti,noun,ಿ,no
ಜಾರ್ಜ್,George,noun,್,no
ಆರ್ಡರ್,Order,noun,್,no
ಪ್ರದರ್ಶಕರು,performers,prefix,ು,yes
ವುಡ್ಸ್,Woods,noun,್,no
ಬೇಯಿಸಲಾಗುತ್ತದೆ,cooked,noun,ೆ,no
ಸೈನ್ಯವು,The army,noun,ು,no
ಅಡುಗೆಮನೆಯಲ್ಲಿ,In the kitchen,prefix,ಿ,yes
ಲವಂಗದ,of cloves,noun,ದ,yes
ಮಾಂಸವನ್ನು,the meat,noun,ು,no
ಪಡೆಯಲಾಗಿದೆ,obtained,noun,ೆ,no
ಬಳಸುತ್ತಾರೆ,Uses,noun,ೆ,no
ತಾಪ್ಸಿಎಂದುಕರೆಯಲಾಗುತ್ತದೆ,Called Taapsee,noun,ೆ,no
ಮ್ಯಾನ್ಮರ್,Myanmar,noun,್,no
ಜಾತಿಗೆ,to caste,noun,ೆ,no
ಬಂಗಾಳಿ,Bengali,noun,ಿ,no
ಗಳಾಗಿದ್ದಾರೆ,have become,noun,ೆ,no
ಮಾತೃ,the mother,noun,ೃ,no
ಆರಂಭದಿದಲೂ,From the beginning,noun,ೂ,no
ಅಫಘಾನಿಸ್ತಾನ,Afghanistan,prefix,ನ,yes
ನಿರ್ಲಕ್ಷಿಸಿದರು,Ignored,noun,ು,no
ನಡೆಸುತ್ತಿದ್ದರು,was running,noun,ು,no
ಈಗಾಗಲೇ,already,noun,ೇ,no
ಕಟಾಕ್ಷ,shrewd,noun,ಷ,no
ವಿಪುಲವಾಗಿ,Abundantly,prefix,ಿ,yes
ಅನುಭವವಾಗುತ್ತದೆ,Experience,prefix,ೆ,yes
ವ್ಯಂಗ್ಯವೆನ್ನಲು,To be ironic,noun,ು,no
ಭವಭೂತಿ,emotion,noun,ಿ,no
ರಸಾದಿಗಳ,of chemicals,noun,ಳ,no
ಪ್ರಾಧಾನ್ಯವಾದಿ,Privilege,prefix,ಿ,yes
ಹಾಕುವುದಿಲ್ಲ,does not put,noun,ಲ,yes
ಕೆಳಕಂಡಂತಿವೆ,are as below,noun,ೆ,no
ಕಾಲ್ಗೇಟ್,Colgate,noun,್,no
ಅರ್ಜೆಂಟೈನಾ,Argentina,prefix,ಾ,yes
ಟೋರೋಕೋ,Toroko,noun,ೋ,no
ಸರಳವೂ,Simple too,noun,ೂ,no
ಅನುವಾದಿಸಿದ,Translated,prefix,ದ,yes
ಮಿಶೆಲ್,Michelle,noun,್,no
ಸರಣಿಚಿತ್ರ,Serial film,noun,ರ,yes
ಕಷ್ಟವಾಗುತ್ತಿತ್ತು,It was difficult,noun,ು,no
ದಿಗಂಬರ,Digambara,noun,ರ,yes
ಭೋಜನವನ್ನು,dinner,noun,ು,no
ಜನಿಸಿದ್ದು,was born,noun,ು,no
ಗಣಪತಿ,Ganapati,noun,ಿ,no
ಘಟನೆಗಳು,events,noun,ು,no
ಇಂದಿನ,Today's,noun,ನ,yes
ಹಾಡು,the song,noun,ು,no
ಒಪ್ಪುತ್ತಾಳೆ,She agrees,noun,ೆ,no
ಉಲ್ಲೇಖ,reference,noun,ಖ,no
ಡಯಾನಾ,Diana,noun,ಾ,no
ಯೋಚಿಸುವ,thinking,noun,ವ,yes
ಕೊಂಡು,bought,noun,ು,no
ಅನನುಭವದ,inexperienced,prefix,ದ,yes
ಆರೋಪಗಳಲ್ಲಿ,Among the charges,noun,ಿ,no
ಚೆಕ್,Check,noun,್,no
ರಾಷ್ಟ್ರಿಯ,national,noun,ಯ,yes
ಬಯಕೆ,desire,noun,ೆ,no
ವ್ಯಾಪಾರಕ್ಕೋಸ್ಕರ,For business,noun,ರ,yes
ಪ್ರಿಯಕರನೊಬ್ಬನ,of a lover,prefix,ನ,yes
ಪೆನಾ,Pena,noun,ಾ,no
ಲೈ,Lie,noun,ೈ,no
ಲೈಗೆ,to Lie,noun,ೆ,no
ಪೀಳಿಗೆಗೆ,to generation,noun,ೆ,no
ಮುಟ್ಟಿಸುತ್ತದೆ,touches,noun,ೆ,no
ಪತ್ತೇದಾರ,detective,noun,ರ,yes
ವಿಭಜನೆಗೆ,to division,prefix,ೆ,yes
ಸೋಸುಕಗಳು,Absorbents,noun,ು,no
ಥರ್ಮೋಕಪಲ್,Thermocouple,noun,್,no
ಧರಿಸಿದ,wearing,noun,ದ,yes
ಸೂಕ್ಷ್ಮವಾಗಿಯೂ,Even subtly,noun,ೂ,no
ಜಾಗದ,of space,noun,ದ,yes
ಶಿಲ್ಪಕಲೆ,Sculpture,noun,ೆ,no
ಮುಂಚಾಚಿಯೋ,Stretch out,noun,ೋ,no
ವರ್ಷಗಳಿಗೆ,for years,noun,ೆ,no
ವರ್ನಾಕ್ಯುಲರ್,Vernacular,noun,್,no
ಸ್ಪಷ್ಟಪಡಬೇಕು,To be clear,noun,ು,no
ನಿರ್ವಹಣೆಗೆಂದು,For maintenance,noun,ು,no
ಪದವೀಧರರನ್ನು,graduates,noun,ು,no
ಸಿರಿವಂತ,the rich,noun,ತ,yes
ವಿಜಯನಗರ,Vijayanagara,prefix,ರ,yes
ಬಯಲಾಟ,open,noun,ಟ,no
ಓಬಳೇಶ್,Obalesh,noun,್,no
ರಶಾಂತ್,Rashant,noun,್,no
ನೆಗೆಟಿವ್,Negative,noun,್,no
ಆದೇಶಗಳಿಲ್ಲ,No orders,noun,ಲ,yes
ಲೆಜರ್,Ledger,noun,್,no
ಗೌರವಗಳು,Honors,noun,ು,no
ಸಮಾನತೆ,Equality,noun,ೆ,no
ಬಿಸಿಯಾಗಿರುತ್ತದೆ,It is hot,noun,ೆ,no
ಮೇರಿ,Mary,noun,ಿ,no
ಪೊಲೋನಿಯಮ್,Polonium,noun,್,no
ಸಂದರ್ಭದಲ್ಲಿಯೇ,Just in case,prefix,ೇ,yes
ಪ್ಯಾರಿಸ್ಸಿನಲ್ಲಿ,In Paris,noun,ಿ,no
ಮನೆದೇವ್ರು,Manedevru,noun,ು,no
ಆರ್ಟ್ಸ್,Arts,noun,್,no
ಪಟ್ಟಾಭಿ,Pattabhi,noun,ಿ,no
ಅತ್ತ,mother in law,prefix,ತ,yes
ಮುಳುಗುತ್ತವೆ,drown,noun,ೆ,no
ಸಮ್ಮಿತೀಯವಾಗಿರುತ್ತದೆ,is symmetrical,noun,ೆ,no
ಬದಲಿಗೆ,Instead,noun,ೆ,no
ಪಾಪಾಸುಕಳ್ಳಿಗಳಲ್ಲಿ,Among cacti,noun,ಿ,no
ದೊಂದಿಗೆ,with,noun,ೆ,no
ಕಸಿ,transplant,noun,ಿ,no
ಬಿಎಗೆ,to BA,noun,ೆ,no
ಉದ್ದೋಗಕ್ಕೆ,to the long,noun,ೆ,no
ಉರಾಳರು,Urals,noun,ು,no
ಎದುರಿಗೆ,Opposite,noun,ೆ,no
ಇವನೇ,This is him,noun,ೇ,no
ಕಲಿತು,learned,noun,ು,no
ಮೂಡಿಸಿದರು,Raised,noun,ು,no
ಮಾಧವ,Madhava,noun,ವ,yes
ಆಯೋಜಿಸಲು,to organize,noun,ು,no
ಲೇಟ್,Late,noun,್,no
ಯುನೇಸ್ಕೊ,UNESCO,noun,ೊ,no
ಕ್ರೈಸ್ತಸಾಹಿತ್ಯ,Christian literature,noun,ಯ,yes
ಊರಿನಲ್ಲಿಯೇ,In town itself,noun,ೇ,no
ಬೇಕಿದ್ದ,wanted,noun,ದ,yes
ಇತಿಹಾಸನಿಷ್ಠ,historical,noun,ಠ,no
ಹಣಕಾಸಿನ,Financial,noun,ನ,yes
ಹೊನ್ನಾವರ,Honnavara,noun,ರ,yes
ಯಾಗಿದೆ,is,noun,ೆ,no
ಪಡೆಯುವುದರಿಂದ,from getting,noun,ದ,yes
ಸಿಖ್ಖರು,The Sikhs,noun,ು,no
ಗುಣಪಡಿಸುವ,Healing,noun,ವ,yes
ಬಹು,multiple,noun,ು,no
ವಿಂಗಡಿಸಬಹುದು,can be sorted,prefix,ು,yes
ಬಣ್ಣಗಳಲ್ಲಿರುತ್ತವೆ,are in colors,noun,ೆ,no
ಕಡೆಗೂ,to the end,noun,ೂ,no
ಸಮಾರಂಭಗಳ,Ceremonies,noun,ಳ,no
ಉಳಿಸಿಡಲು,to save,noun,ು,no
ಮದುವೆಗಳಂತಹ,such as weddings,noun,ಹ,no
ಕನ್ಸರ್ವೆಷನ್,Conservation,noun,್,no
ಫಾರೇಸ್ಟ್,Forest,noun,್,no
ವಿಷಯಗಳ,of subjects,prefix,ಳ,yes
ಟ್ಯೂನಿಂಗ್,Tuning,noun,್,no
ಗ್ರೀನ್,Green,noun,್,no
ಮೇಳ,fair,noun,ಳ,no
ಪ್ರದರ್ಶನಕಾರರ,of the performers,prefix,ರ,yes
ಕಮ್ಮಟ,a bitch,noun,ಟ,no
ಮಹಾಸಭೆ,General Assembly,prefix,ೆ,yes
ಇನ್ಫೆಂಟ್,Infant,noun,್,no
ಬಡವಾಣೆ,poor voice,noun,ೆ,no
ಸಿಸ್ಕೋ,Cisco,noun,ೋ,no
ಬನವಾಸಿಯ,Banavasi,noun,ಯ,yes
ಗಂಗ,Ganges,noun,ಗ,yes
ಜಹಂಗೀರ್,Jahangir,noun,್,no
ತೀರ್ಮಾನ,Conclusion,noun,ನ,yes
ಉಶಾ,Usha,noun,ಾ,no
ತಾಣಗಳು,Spots,noun,ು,no
ಹೋಮಿ,Homey,noun,ಿ,no
ಆಳ್ವಿಕೆಯನ್ನು,reign,noun,ು,no
ಪೋಷಿಸಿದರು,nurtured,noun,ು,no
ಪ್ರವರ್ಧಮಾನಕ್ಕೆ,To flourish,prefix,ೆ,yes
ಪಂಥವನ್ನು,Sect,noun,ು,no
ಮಧುರೈನಲ್ಲಿ,in Madurai,noun,ಿ,no
ಸಿಲಪ್ಪಟಿಕಾರಂ,Silappatikaram,noun,ಂ,no
ಹರಿಹರನ್,Hariharan,noun,್,no
ಸೆಂಚುರಿ,Century,noun,ಿ,no
ಜನ್ಮದಿನದಂದು,On a birthday,noun,ು,no
ಜಾಸ್ಸಿ,Jassi,noun,ಿ,no
ಧ್ವನಿಯನ್ನು,voice,noun,ು,no
ಹಳೆಗನ್ನಡ,The old one,noun,ಡ,yes
ವಲಯಕ್ಕಾಗಿ,For the sector,noun,ಿ,no
ಪಿಟಿ,PT,noun,ಿ,no
ವಿಡಬ್ಲ್ಯು,W.W,prefix,ು,yes
ಎಬಿಇಹೆಚ್,ABEH,noun,್,no
ಕಾರ್ಯಾಚರಣೆಯನ್ನು,operation,noun,ು,no
ಸಾಕ್ಷಿಹಳ್ಳಿ,Sakshihalli,noun,ಿ,no
ಮುಖ್ಯಭಾಗ,the main part,noun,ಗ,yes
ಅಮೆರಿಕ,America,prefix,ಕ,yes
ವ್ಯವಸ್ಥಾಪಕರಾಗಿ,As a manager,noun,ಿ,no
ಬೇಕು,want,noun,ು,no
ಬಿಡುವಿನ,free time,noun,ನ,yes
ಭಾರತದಮಹಿಳಾ,Indian woman,noun,ಾ,no
ವ್ಯಾಖ್ಯಾನಿಸಲಾಗಿದೆ,Defined,noun,ೆ,no
ಸಾಧನಗಳನ್ನು,devices,noun,ು,no
ಸಮಯವು,time is,noun,ು,no
ಶಿರಾಗಾ,Shiraga,noun,ಾ,no
೧೯೫೦ರ,1950,noun,ರ,yes
ಗುರಿಮಾಡದ,untargeted,noun,ದ,yes
ಮತ್ತೊಬ್ಬ,Another one,noun,ಬ,yes
ಯೋಸೆಫ್,Yosef,noun,್,no
ಖಗೋಳಶಾಸ್ತ್ರಜ್ಞ,Astronomer,noun,ಞ,no
ಶೀರ್ಷಿಕೆ,title,noun,ೆ,no
ಚಿಕ್ಕಂದಿನಲ್ಲೇ,At an early age,noun,ೇ,no
ದುಡಿದರು,worked,prefix,ು,yes
ಕ್ಕೆ,to,noun,ೆ,no
ದಿನದ,of the day,noun,ದ,yes
ನುಂಗಿತ್ತಾ,swallowed,noun,ಾ,no
ಗಾಯಕರಾಗಿ,Be a singer,noun,ಿ,no
ಕೆತ್ನೆಯುಳ್ಳ,Engraved,noun,ಳ,no
ಆಡಕವಾಗಿದೆ,is playful,noun,ೆ,no
ವಿಧಾನಪರಿಷತ್,Legislature,prefix,್,yes
ಮೂಲಗಳ,of sources,noun,ಳ,no
ಇಂಪೀರಿಯಲ್,Imperial,noun,್,no
ಜೀವಾಳವನ್ನೆಲ್ಲ,All life,noun,ಲ,yes
ಸಂಬಂಧವು,A relationship,prefix,ು,yes
ಪರಿಷ್ಕರಣೆಯನ್ನು,revision,noun,ು,no
ಧರ್ಮವು,Religion is,noun,ು,no
ಒಗ್ಗಟ್ಟನ್ನು,Unity,noun,ು,no
ಯಾಹ್ಯಾ,Yahya,noun,ಾ,no
ಮಾದಳ,Madal,noun,ಳ,no
ಮುಳ್ಳುಗಳುಂಟು,There are thorns,noun,ು,no
ಬಾಂಗ್ಲಾದೇಶದ,of Bangladesh,noun,ದ,yes
ಜೊತೆಗೂಡಿ,together with,noun,ಿ,no
ಸಾಕ್ಷಿ,witness,noun,ಿ,no
ಸುಧಾ,Sudha,prefix,ಾ,yes
೨೦೧೫ರವರೆಗೆ,Till 2015,noun,ೆ,no
ಚಾಂದ್ರ,the moon,noun,ರ,yes
ಕಾಣಿಸುವ,appear,noun,ವ,yes
ಝೌ,Zhou,noun,ೌ,no
ಮರೀನಾ,Marina,noun,ಾ,no
ಎಮ್ಮೆ,Buffalo,noun,ೆ,no
ವಿಶ್ರಾಂತಿಯ,of rest,prefix,ಯ,yes
ನಾಮದೇವನೂ,Namdev too,noun,ೂ,no
ಕೊನೆಗಾಲದಲ್ಲಿ,In the end,noun,ಿ,no
ಮುಟ್ಟಿದಾಗ,When touched,noun,ಗ,yes
ಪ್ರಸಿದ್ಧರಾಗಿದ್ದ,was famous,prefix,ದ,yes
ಎಮ್,M,noun,್,no
ರಲ್ಲ್ಲಿತಮ್ಮ,in,noun,ಮ,yes
ಸಂಪುಟಗಳನ್ನು,volumes,prefix,ು,yes
ಲೆಲವು,Lela,noun,ು,no
ಹೇಮ್ಮೆಇವರಿಗೆ,Hemme for this,noun,ೆ,no
ಎಲ್ಲವನ್ನು,All of them,noun,ು,no
ರಾಯಭಾರಿಯೂ,Ambassador too,noun,ೂ,no
ಅಂಡ್,And,prefix,್,yes
ಅಮ್ಮಾಳ್,Ammaal,prefix,್,yes
ಸೈಟ್ಗಳಿಗೆ,to sites,noun,ೆ,no
ಅಧ್ಯಯನವು,The study,prefix,ು,yes
ಉದ್ಯೋಗಗಳಿಗೆ,for jobs,noun,ೆ,no
ಲೈನ್,Line,noun,್,no
ಗರ್ಭಧಾರಣೆಯ,pregnancy,noun,ಯ,yes
ಬಹಿರಂಗಗೊಂಡಿದೆ,revealed,noun,ೆ,no
ಕಾಯಿಲೆಗಳ,of diseases,noun,ಳ,no
ಬಂದರೆ,If it comes,noun,ೆ,no
ಗೆರೆಗಳು,Lines,noun,ು,no
ಪರಿವೃತ್ತವನ್ನು,circle,noun,ು,no
ರೋಹಿತ್,Rohit,noun,್,no
ಹುಣಿಸೆಹಣ್ಣುಗಳನ್ನು,Tamarinds,noun,ು,no
ಬಿಂಗನ್ನ,Bingana,noun,ನ,yes
ಎಕ್ಸ್ಚೇಂಜ್ನ,of the exchange,noun,ನ,yes
ಎಬರ್ಸ್,Ebers,noun,್,no
ಚೀನೊ,Chinese,noun,ೊ,no
ಬೀನ್,Bean,noun,್,no
ಫಿಸಿಶಿಯನ್,Physician,noun,್,no
ಹರಿವು,the flow,noun,ು,no
ಪದ,the word,noun,ದ,yes
ಅಪಾಯದ,of danger,prefix,ದ,yes
ಹೇಳಲಾಗುತ್ತದೆ,It is said,noun,ೆ,no
ಭಕ್ತರು,Devotees,noun,ು,no
ಆಕಾಶದಲ್ಲಿರುವ,in the sky,noun,ವ,yes
ವಿಧಾನಗಳು,methods,prefix,ು,yes
ತೀವ್ರವಾದ,intense,noun,ದ,yes
ಆದ್ಯಂತ,throughout,noun,ತ,yes
ಎರಡನೆ,Second,noun,ೆ,no
ಪ್ರಾಸವಾಗಿ,as a rhyme,prefix,ಿ,yes
ವ್ಯಾಸದ,of diameter,noun,ದ,yes
ಉಡುಪುಗಳಿಗೆ,For clothing,noun,ೆ,no
ಬಟ್ಟೆಗೆ,to clothes,noun,ೆ,no
ಬಹುತೇಕ,Almost,noun,ಕ,yes
ಪುರುಷನಾಯಕನಾಗಿ,As the male lead,noun,ಿ,no
ಬಾಲ್ಯದ,childhood,noun,ದ,yes
ಶ್ರೀರಸ್ತು,Srirastu,noun,ು,no
ಲವಿಕೆ,Loveliness,noun,ೆ,no
ಹೊಡೆದಾಗ,When hit,noun,ಗ,yes
ಬರ್ಕ್ಲಿ,Berkeley,noun,ಿ,no
ಹಾಲೋವೇಯಲ್ಲಿ,In Holloway,noun,ಿ,no
ವಿಂಟರ್,Winter,prefix,್,yes
ಆಫೀಸರ್ಸ್,Officers,noun,್,no
ಚಕ್ರಧರ್,Chakradhar,noun,್,no
ಪ್ರಧಾನ್,Pradhan,prefix,್,yes
೨೦೧೮ರ,2018,noun,ರ,yes
ಮಿಶ್ರಾ,Mishra,noun,ಾ,no
ಜನವರಿಯಲ್ಲಿ,In January,noun,ಿ,no
ನಾಸಿಕ್,Nashik,noun,್,no
ಮಹಾರಾಷ್ಟ್ರ,Maharashtra,prefix,ರ,yes
ಹೌದು,Yes,noun,ು,no
ಅಡಿ,Ft,prefix,ಿ,yes
ಸುತ್ತುವರೆದಿರುವ,surrounded by,prefix,ವ,yes
ಬಿಡು,let go,noun,ು,no
ವ್ಯವಸ್ಥೆಯ,system,noun,ಯ,yes
ಎಂಬವರ,of,noun,ರ,yes
ಸಂಪತ್ತಿಗೆ,to wealth,prefix,ೆ,yes
ಅನುಕ್ರಮವನ್ನು,sequence,prefix,ು,yes
ಪರಾರಿಯಾಗಿದ್ದಾನೆ,He is absconding,noun,ೆ,no
ತೆಲುಗಿನಲ್ಲಿ,In Telugu,noun,ಿ,no
ಪಾಲುಗೊಂಡಿದ್ದಾರೆ,are involved,noun,ೆ,no
ನಾಗೇಶ್,Nagesh,noun,್,no
ಕಟುವಾಗಿ,Meaning not found,noun,ಿ,no
ವರ್ಷವೆಂದು,as a year,noun,ು,no
ಕೆಲಸವಾಗಬೇಕು,Must work,noun,ು,no
ಮಾಡಿಸಿದ್ದಾರೆ,have done,noun,ೆ,no
ನಿರ್ಮಿಸಲ್ಪಟ್ಟಿದೆ,is constructed,noun,ೆ,no
ತೀಥರ್ಂಕರರ,of Teetharankar,noun,ರ,yes
ಮಂದಿರಗಳ,of temples,noun,ಳ,no
ನಿರ್ಮಿಸಿದವರ,Built by,noun,ರ,yes
ಅಷ್ಟದಿಕ್ಷಾಲಕರ,Omnidirectional,prefix,ರ,yes
ಕಲ್ಲಿನ,stone,noun,ನ,yes
ದಾಟುವರಿಸೈಗೆ,To cross,noun,ೆ,no
ವಾದಕರಲ್ಲಿ,Among the players,noun,ಿ,no
ಕಲಾಭಿವ್ಯಕ್ತಿಯ,of artistic expression,noun,ಯ,yes
ಆಭರಣಗಳಿಂದ,From jewelry,noun,ದ,yes
ಸಿಕ್ಕಂತಾಯಿತು,Got it,noun,ು,no
ಕಳಿಸುವ,sending,noun,ವ,yes
ಬಾಲೆ,Bale,noun,ೆ,no
ಸಮಗ್ರತಾ,integrity,noun,ಾ,no
ತಪ್ಪಿದ,missed,noun,ದ,yes
ರೇಲಂಗಿ,Relangi,noun,ಿ,no
ರಾಯಚೂರಿನಲ್ಲಿ,in Raichur,noun,ಿ,no
ಸಿದ್ದಾಪುರ,Siddapur,noun,ರ,yes
ಜಾಹೇದ್,Jahed,noun,್,no
ಹೋಗಿದ್ದಾಗ,When gone,noun,ಗ,yes
ಹತ್ತುವಾಗ,While climbing,noun,ಗ,yes
ಇವಿರಿಂದ,From these,noun,ದ,yes
ಆಕೆಯೇ,She is,noun,ೇ,no
ಕಲಾಕ್ಷೇತ್ರದಲ್ಲಿನಡೆಯವುದು,The one in Kalakshetra,noun,ು,no
ಮಹಾಯುದ್ಧ,The Great War,prefix,ಧ,yes
ವಿಚಾರವಾಗಿದೆ,It is important,prefix,ೆ,yes
ಸಾಮುವೇಲ್,Samuel,noun,್,no
ಪುಸ್ತಕದಂಗಡಿಗಳ,of bookstores,noun,ಳ,no
ಹೆಸರಿಸದ,unnamed,noun,ದ,yes
ಪಾರ್ಕ್ವೇ,Parkway,noun,ೇ,no
ಲೀವ್,Leave,noun,್,no
ಪ್ರವಾಸಿಗರ,Tourists,prefix,ರ,yes
ಡಿಸ್ಕೋ,Disco,noun,ೋ,no
ಮುದ್ರಣಾಲಯ,Press,noun,ಯ,yes
ವಾಸ್ತುಕೃತಿ,Architecture,noun,ಿ,no
ಅಡ್ಡಸರಳುಗಳು,horizontal lines,prefix,ು,yes
ಕ್ಯಾಥೆರೀನ್,Catherine,noun,್,no
ಎತ್ತಿತೋರಿಸುತ್ತದೆ,highlights,noun,ೆ,no
ಪಬ್ಲಿಷರ್ಸ್,Publishers,noun,್,no
ಅಮೌಖಿಕವಾಗಿ,Nonverbally,prefix,ಿ,yes
ಮಾತಿನಿಂದ,by word of mouth,noun,ದ,yes
ಗೊರ್ಬಚೇವ್,Gorbachev,noun,್,no
ಲೋಕರಂಗವನ್ನೂ,The world too,noun,ೂ,no
ಸರಣಿನ್ನು,series,noun,ು,no
ಬದ್ಧವಾಗುವುದಕ್ಕೆ,to commit,noun,ೆ,no
ರವಿವಾರ,sunday,noun,ರ,yes
ಸರಿಯಾಗಿರುವಂತೆ,As is correct,noun,ೆ,no
ಇಂದುಪ್ರಕಾಶ,Induprakash,noun,ಶ,no
ದೇಶಪ್ರೇಮದ,of patriotism,noun,ದ,yes
ಪ್ರತ್ಯೇಕಗೊಂಡವು,are isolated,prefix,ು,yes
೨೦೦೧ರ,2001,noun,ರ,yes
ವೃತ್ತಕ್ಕೆ,to the circle,noun,ೆ,no
ತೆಕ್ಕೆಗೆ,to the arm,noun,ೆ,no
೧೯೮೮ರವರೆಗೆ,Till 1988,noun,ೆ,no
ಶಾಖೆಗಳಿಗೆ,to branches,noun,ೆ,no
ದಹನವು,Combustion,noun,ು,no
ಉಡುಪಿಯಿಂದ,From Udupi,noun,ದ,yes
ಅರ್ಪಿಸಿ,dedicate,prefix,ಿ,yes
ಹಸುಗಳಿಗೆ,for the cows,noun,ೆ,no
ಸಮಾನರಾಗಿ,Be equal,noun,ಿ,no
ಲಿಡೊಕೈನ್,Lidocaine,noun,್,no
ಸ್ರಾವದಿಂದ,from secretion,noun,ದ,yes
ಮೀಟರಿಂಗ್,Metering,noun,್,no
ಬೌದ್ಧಿಕ,Intellectual,noun,ಕ,yes
ವಿಂಡ್,Wind,prefix,್,yes
ಐಏಎಸ್,IAS,noun,್,no
ಉಪಕ್ರಮಗಳನ್ನು,initiatives,prefix,ು,yes
ಸ್ವಾನ್ಸ್,Swans,noun,್,no
ಬಾಲ್,Ball,noun,್,no
ಶೂಟಿಂಗ್,Shooting,noun,್,no
ಕುರಿಗಳ,of sheep,noun,ಳ,no
ಕಜ್ಜಿ,the itch,noun,ಿ,no
ತುರಿಗಜ್ಜಿ,Grated,noun,ಿ,no
ರಂದು,on,noun,ು,no
ಪ್ರಚಲಿತವಾದರೂ,Although prevalent,prefix,ೂ,yes
ನೀತಿಶಾಸ್ತ್ರಕ್ಕೆ,to ethics,noun,ೆ,no
ಸಂಹಿತೆಯನ್ನು,Code,prefix,ು,yes
ಕಾನೂನಿನ,of law,noun,ನ,yes
ಪಾಲಿಸುವಂತೆ,to obey,noun,ೆ,no
ಕೌಂಟರ್ಪಾರ್ಟ್ಸ್ಗಳಿಗಿಂತ,than counterparts,noun,ತ,yes
ಪ್ಲೇಟ್ಗಳೊಂದಿಗೆ,with plates,noun,ೆ,no
ಪ್ರೊಪೆಲ್ಲರ್,Propeller,prefix,್,yes
ಈಗ,Now,noun,ಗ,yes
ಗ್ರಂಥಗಳಲ್ಲಿ,In the scriptures,noun,ಿ,no
ಜಯದೇವಿತಾಯಿ,Jayadevitai,noun,ಿ,no
ರಂಗಾಚಾರ್ಯ,Rangacharya,noun,ಯ,yes
ಕೃಷ್ಣರಾವ್,Krishna Rao,noun,್,no
ಕುಂದಣಗಾರ,Hangman,noun,ರ,yes
ಸಲ್ಲಿಸಲಾಗುವುದು,will be submitted,noun,ು,no
ಸ್ವಚ್ಛತೆ,Cleanliness,noun,ೆ,no
ತಿಳಿಸಿಕೊಡಲಾಗುತ್ತದೆ,Will be informed,noun,ೆ,no
ಸ್ಥಪತಿ,Sthapathi,noun,ಿ,no
ಪೋಷಣೆಗಾಗಿ,For nourishment,noun,ಿ,no
ಕುಶಲಚಲನೆಗಳನ್ನು,maneuvers,noun,ು,no
ಪ್ರತಿರೋಧವಾಗಿ,As resistance,prefix,ಿ,yes
ಪ್ರಮಾಣೀರಿಸಲಾಗಿಲ್ಲ,Not certified,prefix,ಲ,yes
ತತ್ತ್ವಶಾಸ್ತ್ರದ,of philosophy,noun,ದ,yes
ಹರಕೊಡ,Harakoda,noun,ಡ,yes
ವ್ಯತಿತ್ವ,contrast,noun,ವ,yes
ಕಾರ್ಖಾನೆಗಳು,Factories,noun,ು,no
ಮನೆಗಳ,of houses,noun,ಳ,no
ಕಡಪಾ,Kadapa,noun,ಾ,no
ಪುರುಷರು,Men,noun,ು,no
ಪಾಪಸಾನಿ,Papasani,noun,ಿ,no
ದರ್ಬಾರು,Court,noun,ು,no
ಹಲವರಿಗೆ,For many,noun,ೆ,no
ಪಾಲಿಸುತ್ತಾರೆ,obeys,noun,ೆ,no
ಮರದಲ್ಲಿರುವ,In the tree,noun,ವ,yes
ಮರದಲ್ಲಿನ,In the tree,noun,ನ,yes
ಜೀರ್ಣಶಕ್ತಿಯನ್ನು,Digestive power,noun,ು,no
ಗಟ್ಟಿಯಾಗಿರುತ್ತದೆ,is hard,noun,ೆ,no
ಸ್ಕೊಪೋಲೆಟಿನ್,Scopoletin,noun,್,no
ಅಜೀರ್ಣ,indigestion,prefix,ಣ,yes
ತೇವಾಂಶ,moisture,noun,ಶ,no
ಕುರುಗಳು,Kurus,noun,ು,no
ಸರಣಿ,series,noun,ಿ,no
ಫ್ರೆಂಡ್ಸ್ನ,of friends,noun,ನ,yes
ಥೆರೌಕ್ಸ್,Theroux,noun,್,no
ಅಲೆಕ್,Alec,prefix,್,yes
ಸೆಸೆ,Cece,noun,ೆ,no
ವಿಟ್ಲಾಮ್,Whitlam,prefix,್,yes
ರೋನಾಲ್ಡ್,Ronald,noun,್,no
ಕಲ್ಲಾಘನ್,Callaghan,noun,್,no
ಆಟ್ಲೀ,Attlee,noun,ೀ,no
ದ್ವೀಪವ,island,noun,ವ,yes
ಎಚ್,H,noun,್,no
ಪಾಠಕರು,The teachers,noun,ು,no
ಚನ್ನಪಟ್ಟಣ,Channapatnam,noun,ಣ,yes
ಸ್ಥಳಗಳು,places,noun,ು,no
ಜನಸಂಪರ್ಕಕ್ಕೆ,For public relations,noun,ೆ,no
ಬಾಚಿಹಳ್ಳಿಯಲ್ಲಿ,In Bachihalli,noun,ಿ,no
ಶ್ರೀ,Mr,noun,ೀ,no
ಚಿಕ್ಕನಾಯಕನಹಳ್ಳಿಯಿಂದ,From Chikkanayakanahalli,noun,ದ,yes
ಮುತ್ತಜ್ಜ,great grandfather,noun,ಜ,no
ವಚನಗಳು,Vows,noun,ು,no
ಐವೊ,Ivo,noun,ೊ,no
ಭಾಬಿ,Bhabi,noun,ಿ,no
ಉಪಯೊಗಿಸಲಾಗಿದೆ,used,prefix,ೆ,yes
ಪೌನಾರ್,Paunar,noun,್,no
ಎಂಬೊ,Emb,noun,ೊ,no
ಅಜ್ಜ,grandfather,prefix,ಜ,yes
ಸಾಯುತ್ತಿರುವ,dying,noun,ವ,yes
ಇವುಗಳಿಂದ,From these,noun,ದ,yes
ಸೃಷ್ಟಿಗೆ,to creation,noun,ೆ,no
ಹಗ್ಗಗಳ,of ropes,noun,ಳ,no
ಕುರಕಾವೊ,Curacao,noun,ೊ,no
ವ್ಯವಸ್ಥೆಗಾಗಿ,for system,noun,ಿ,no
ಮುಂದುವರಿದ,Continued,noun,ದ,yes
ಸಹಿಸದಾದ,tolerated,noun,ದ,yes
ಮನೋಭಾವ,Attitude,noun,ವ,yes
ತಡೆವ,prevent,noun,ವ,yes
ಅರಿತುದಾಗಿ,Realized,prefix,ಿ,yes
ಕೊಡುಗೆ,contribution,noun,ೆ,no
ಶಿಖರಗೋಪುರಗಳು,Spire towers,noun,ು,no
ಫ್ಲಿಂಟ್,Flint,noun,್,no
ನಾರ್ತ್,North,noun,್,no
ಪ್ಯಾಡ್,Pad,noun,್,no
ಸ್ಥಿತಿ,condition,noun,ಿ,no
ಅವಕಾಶ,chance,prefix,ಶ,yes
ಸಂದೇಶ,message,prefix,ಶ,yes
ಗಜಲಕ್ಷ್ಮೀ,Gajalakshmi,noun,ೀ,no
ಶಿಲಾನ್ಯಾಸ,foundation stone,noun,ಸ,no
ತೂಗುಹಾಕಲಾಗಿದೆ,is hung,noun,ೆ,no
ಪ್ರಭಾವಳಿಯಲ್ಲಿ,In influence,prefix,ಿ,yes
ಕಥನ,the story,noun,ನ,yes
ಯವರ,of,noun,ರ,yes
ಸಂನ್ಯಾಸಿ,a hermit,prefix,ಿ,yes
ಪ್ರಭಾವದೊಂದಿಗೆ,with impact,prefix,ೆ,yes
ಬೇಕಾಗುವ,needed,noun,ವ,yes
ನಿಂತಿರಬೇಕು,Must stand,noun,ು,no
ನಿಂತು,stand up,noun,ು,no
ಆಟದ,game,noun,ದ,yes
ಹತ್ತಿರದಲ್ಲಿರುವವರಿಗೆ,For those nearby,noun,ೆ,no
ಹೆತ್ತವರ,parents,noun,ರ,yes
ಅರ್ಚಕರಾಗಿದ್ದರು,He was a priest,prefix,ು,yes
ಮುರುಗನ್,Murugan,noun,್,no
ಕುಮಾರಕೊಟ್ಟಂ,Kumarakottam,noun,ಂ,no
ಕೇಂದ್ರವಾಗಿದೆ,is central,noun,ೆ,no
ಕಟ್ಟುವ,to build,noun,ವ,yes
ಗಿಡಿಗೆರೆಯ,Gidigere,noun,ಯ,yes
ಹಾಡುವ,singing,noun,ವ,yes
ಅತಿಹೆಚ್ಚಿನ,the highest,prefix,ನ,yes
ಚಾಂಪಿಯನ್,Champion,noun,್,no
ಕಾಲವ್ಯಯವಾಗಿ,As a waste of time,noun,ಿ,no
ಸುಬ್ಬರಾಯರು,Subbaraya,prefix,ು,yes
ಹೆಸರಾಯಿತು,Became famous,noun,ು,no
ಭಕ್ತಾದಿಗಳಿಗೆ,For devotees,noun,ೆ,no
ಶಿಷ್ಯೆಯಾಗಿದ್ದ,Was a disciple,noun,ದ,yes
ಹೊರಬಂದಿತು,came out,noun,ು,no
ಆಳ್ವಾಸ್,Alwas,noun,್,no
ನಾವೀನ್ಯತೆಗೆ,to innovation,noun,ೆ,no
ಅಧ್ಯಯನ,study,prefix,ನ,yes
ಸೇಡಿನ,Revenge,noun,ನ,yes
ಅನಮ್ಮ,Anamma,prefix,ಮ,yes
ಕಲಾಕುಂಜ,Kalakunja,noun,ಜ,no
ಗೀತೆಗಳು,Songs,noun,ು,no
ಎಮಿಲ್,Emil,noun,್,no
ಪುಜಿಸಬೇಕು,should be worshipped,noun,ು,no
ತಪ್ಪಿಸಿ,avoid,noun,ಿ,no
ಬದನೆ,eggplant,noun,ೆ,no
ವಿಷದಂತೆಯೇ,Like poison,prefix,ೇ,yes
ಕಂಡ,seen,noun,ಡ,yes
ಲ್ಯಾಕ್ಟಿಕ್,Lactic,noun,್,no
ಥೆರೇಸಾ,Theresa,noun,ಾ,no
ತ್ತು,was,noun,ು,no
ದೇವಗನ್,Devgan,noun,್,no
ಪಂಡಿತರಿಗೆ,For scholars,noun,ೆ,no
ಕ್ರಿಸ್ಚಿಯನ್,Christian,noun,್,no
ರಚಿಸಲಾಗಿದೆಯೇ,Is it created?,noun,ೇ,no
ಪದಕ್ಕೂ,word for word,noun,ೂ,no
ಖಾತೆಯನ್ನು,account,noun,ು,no
ಮ್ಯಾನೇಜ್ಮ್ಂಟ್,Management,noun,್,no
ನಿಫ್ಟಿ,Nifty,noun,ಿ,no
ಕೋರಿಯಾ,Korea,noun,ಾ,no
ಅಥ್ಲೆಟಿಕ್ಸ್,Athletics,prefix,್,yes
ಆಂಟಿಲ್,Antill,noun,್,no
ಕರೆದೊಯ್ಯಿತು,took away,noun,ು,no
ಪುಣೆಯಲ್ಲಿರುವ,in Pune,noun,ವ,yes
ಚಾರ್,Char,noun,್,no
ಟೈಸನ್,Tyson,noun,್,no
ಬಿಗಿನ್ಸ್,Begins,noun,್,no
ಡ್ರಾಬ್ರಿಡ್ಜ್,Drawbridge,noun,್,no
ಪತ್ರಕರ್ತರಾಗಿ,Become a journalist,noun,ಿ,no
ವರ್ಣರಂಜಿತವಾಗಿ,Colorfully,noun,ಿ,no
ಅರಸರು,the kings,prefix,ು,yes
ಬೇಟೆಗಾರರ,of hunters,noun,ರ,yes
ಗಳಷ್ಟಿದೆ,There are many,noun,ೆ,no
ವಹಿಸಿದ,entrusted with,noun,ದ,yes
ಹೊಗೆಯಾಡುವಂತೆ,like smoking,noun,ೆ,no
ಕರೆಕೊಟ್ಟಾಗ,When called,noun,ಗ,yes
ಸಿಎಂ,CM,noun,ಂ,no
ದೈವಕೃಪೆಯಿಂದ,By the grace of God,noun,ದ,yes
ಜನ್ಮಸ್ಥಳಕ್ಕೆ,to the place of birth,noun,ೆ,no
ಜನರನ್ನೂ,People too,noun,ೂ,no
ಸಾಸಲಗಿ,Sasalagi,noun,ಿ,no
ದೇಗಿನಾಳ,Degina's,noun,ಳ,no
ಫರ್ಡ್ಗಳಲ್ಲಿ,In the furds,noun,ಿ,no
ಸುದ್ದಿಪತ್ರಗಳೂ,Newsletters too,prefix,ೂ,yes
ಕಟುವೆನಿಸಿ,Make it spicy,noun,ಿ,no
ತಿರುಪತಿಗೆ,to Tirupati,noun,ೆ,no
ಗಿರಿವಾಸ,hill dwelling,noun,ಸ,no
ವೆಂಕಟೇಶನನ್ನು,Venkatesh,noun,ು,no
ಕನಕನ,of Kanaka,noun,ನ,yes
ನಿಲ್ಲುತ್ತಾನೆ,will stop,noun,ೆ,no
ಹಿತಚಿಂತಕ,benevolent,noun,ಕ,yes
ಅಗ್ರಜರು,The leaders,prefix,ು,yes
ಮೂರ್ತಿಯವರ,Murthy's,noun,ರ,yes
ಪತ್ರಿಕೆಯಿಂದ,From the newspaper,noun,ದ,yes
ವೆಲ್ಷ್,Welsh,noun,್,no
ಸದ್ದಿಲ್ಲದೆ,Quietly,noun,ೆ,no
ಸುಧಾರಣೆ,Improvement,prefix,ೆ,yes
ರಾಯಲ್,Royal,noun,್,no
ಯಾವಸಂಗತಿಗಳನ್ನೂ,Anything,noun,ೂ,no
ಸೈಕಲ್,Cycle,noun,್,no
ಸರಕಾರಗಳಿಗೆ,For governments,noun,ೆ,no
ನಿಧಿಯಾಗಿದ್ದಂತೆ,Like a treasure,noun,ೆ,no
ಕಂಡವರು,who saw,noun,ು,no
ರಿಟೇಲಿಂಗ್,retailing,noun,್,no
ರಷ್ಯಾದಿಂದ,From Russia,noun,ದ,yes
ಮಳಿಗೆಯನ್ನು,the store,noun,ು,no
ವೇಷದಲ್ಲಿ,in disguise,noun,ಿ,no
ಹಚ್ಚುವ,burning,noun,ವ,yes
ಮೇಲೇರುತ್ತದೆ,rises up,noun,ೆ,no
ಹಬ್ಬವೇ,Festival itself,noun,ೇ,no
ವರ್ಷವೆಲ್ಲಾ,All year round,noun,ಾ,no
ಕತೆಯಿದೆ,There is a story,noun,ೆ,no
ಮಧ್ಯ,the middle,noun,ಯ,yes
ಭೈರವನಿಗೆ,To Bhairava,noun,ೆ,no
ಉಜ್ಜೆಯನ್,Ujjain,noun,್,no
ಕಲಾವಿದೆಯಾಗಿದ್ದು,She is an artist,noun,ು,no
ಭೂತಂ,Ghost,noun,ಂ,no
ನೋವಿಗೆ,for pain,noun,ೆ,no
ನಿರ್ಬಂಧಿಸುತ್ತದೆ,restricts,noun,ೆ,no
ಕುಟುಂಬದಲ್ಲಿನ,in the family,noun,ನ,yes
ಆಸ್ಟಿಯೊಪೊರೋಸಿಸ್,Osteoporosis,noun,್,no
ಬ್ರಾಕಲಿ,Broccoli,noun,ಿ,no
ನೆಂಬ,believe,noun,ಬ,yes
ಕೊಂದನು,killed,noun,ು,no
ಘಟೋತ್ಕಚ,Ghatotkacha,noun,ಚ,no
ಅಭಿಮನ್ಯು,Abhimanyu,prefix,ು,yes
ನೆಲೆಸಿದರು,Settled,noun,ು,no
ತಾನೂ,himself,noun,ೂ,no
ಮೇಲಿದ್ದು,Above,noun,ು,no
ತೊಂದರೆ,trouble,noun,ೆ,no
ಉಪಯೋಗಿಸಬಹುದಾದ,Usable,prefix,ದ,yes
ಗುಂಡಲಪೇಟೆ,Gundalpet,noun,ೆ,no
ಸೋಯಾ,soy,noun,ಾ,no
ಮನೆಯಲ್ಲೇ,At home,noun,ೇ,no
ಬಂಗ್ಲಾ,Bangla,noun,ಾ,no
ಹೆಸರುವಾಸಿಯಾಯಿತು,became famous,noun,ು,no
ಎಲ್ಲೋ,somewhere,noun,ೋ,no
ನಿರ್ಮಿಸಲಾಗಿರುವ,Built,noun,ವ,yes
ಹೊರಹೊಮ್ಮುವ,Emergent,noun,ವ,yes
ಜನಪ್ರಿಯವಾಗತೊಡಗಿದಂತೆ,As it became popular,noun,ೆ,no
ರಾಯರು,Roy,noun,ು,no
ಸುಮುಖ,good luck,prefix,ಖ,yes
ಸಾಗುತ್ತಾರೆ,will move,noun,ೆ,no
ಚಲನಚಿತ್ರರಾಷ್ಟ್ರೀಯ,Film Nation,noun,ಯ,yes
ಸಾರ್,sir,noun,್,no
ಅರಳಿತು,bloomed,prefix,ು,yes
ಶಾದಿ,marriage,noun,ಿ,no
ತಲುಪಿತು,reached,noun,ು,no
ಬೆಳೆಗೆ,to crop,noun,ೆ,no
ಉಗಮಿಸಿ,arise,noun,ಿ,no
ಹಿಮ,the snow,noun,ಮ,yes
ಮುಖದಿಂದ,from the face,noun,ದ,yes
ಮೀನುಗಾರ,a fisherman,noun,ರ,yes
ಸಂಗಮದ,Confluence,prefix,ದ,yes
ಸಂಪತ್,wealth,prefix,್,yes
ಶಾರದಾ,Sarada,noun,ಾ,no
ಕರಿಂನಗರ,Karimnagar,noun,ರ,yes
ಗ್ರಾಮವಿದೆ,There is a village,noun,ೆ,no
ಗುಣಾಪೇಕ್ಷೆಯನ್ನು,Qualification,noun,ು,no
ಏಳಕ್ಕಾಯ್,Elakkai,noun,್,no
ಪಾತಿಗಳನ್ನು,parties,noun,ು,no
ಒಡಿಯಾ,Odia,noun,ಾ,no
ನಗರದಿಂದ,from the city,noun,ದ,yes
ಮೋರ್ಟ್ಸ್,Morts,noun,್,no
ಬಾಲ್ಯವಿವಾಹ,child marriage,noun,ಹ,no
ಎದುರಿಸಬಹುದು,can face,noun,ು,no
ಕಾನೂನುಬದ್ಧವಾಗಿ,Legally,noun,ಿ,no
ನ್ಯಾಯವ್ಯಾಪ್ತಿಯ,Jurisdiction,noun,ಯ,yes
ಅಭಿಮಂಜೀ,Abhimanji,prefix,ೀ,yes
ಹಳ್ಳಿಗರಿಗೆ,For the villagers,noun,ೆ,no
ಬೆಳೆಸುವಲ್ಲಿ,in raising,noun,ಿ,no
ಸ್ವೀಕೃತದಾರರು,Recipients,noun,ು,no
ಅಭಿನಾಂಜಿ,Abhinanji,prefix,ಿ,yes
ಸಂಚಾರಿ,mobile,prefix,ಿ,yes
ಜಿಗುಪ್ಸೆ,squeamish,noun,ೆ,no
ನಾಟ್ಯ,dance,noun,ಯ,yes
ಹೋಲಿಸಿದಲ್ಲಿ,In comparison,noun,ಿ,no
ಸೂರ್ಯನಿಗೆ,to the sun,noun,ೆ,no
ಅಳವಡಿಸಲಾಗಿತ್ತು,was installed,prefix,ು,yes
ಅಗತ್ಯವಾದ,necessary,noun,ದ,yes
ಉತ್ತರದಲ್ಲಿ,in the north,noun,ಿ,no
ಸತಾರ,Satara,noun,ರ,yes
ದೇವತೆಯೆಂದು,As a deity,noun,ು,no
ಶತಕ,Century,noun,ಕ,yes
ಉಲ್ಲೇಖವಿದೆ,There is a reference,noun,ೆ,no
ಸ್ಥಾಪಿತವಾಗಿದ್ದು,Established,noun,ು,no
ಉಪಕರಣ,tool,prefix,ಣ,yes
ಎಂಪಾಸಿಸ್,Emphasis,noun,್,no
ಅಂತರಘಟ್ಟಮ್ಮ,Antarghattamma,prefix,ಮ,yes
ತೀರ್ಥಹಳ್ಳಿ,Tirthahalli,noun,ಿ,no
ಇಲ್ಲಿಯ,of here,noun,ಯ,yes
ಹೋಗುವ,going,noun,ವ,yes
ಜಲ್ಲೆಯ,of Jalle,noun,ಯ,yes
ಕಿವಿಯು,the ear,noun,ು,no
ಬೆಂಗಳೂರ್,Bangalore,noun,್,no
ಪಟ್ಟಳು,got,noun,ು,no
ಪ್ರತಿರೂಪವನ್ನು,counterpart,prefix,ು,yes
ಯಾವುದರದ್ದಾದರೂ,Anything,noun,ೂ,no
ಕರೆಯಬಹುದು,can be called,noun,ು,no
ವಯಸ್ಸಿನವರೆಗೂ,until age,noun,ೂ,no
ವಿಭಿನ್ನವಾಗಿರುತ್ತವೆ,are different,prefix,ೆ,yes
ಉಳಿಸುವುದರಲ್ಲಿ,in saving,noun,ಿ,no
ಖಾದ್ಯವಸ್ತು,Edible,noun,ು,no
ವಿಧಗಳಲ್ಲಿ,in types,prefix,ಿ,yes
ಗರ್ವಾಲಿ,Garhwali,noun,ಿ,no
ಘಜ್ನಿ,Ghazni,noun,ಿ,no
ಕೊರ್ಕು,the fear,noun,ು,no
ಹಾರ್ಬರ್,Harbour,noun,್,no
ಸಂಯೋಗದ,Conjugation,prefix,ದ,yes
ಜಾತ್ರೆ,fair,noun,ೆ,no
ಕಡಾಯಿಗಳೂ,Cauldrons too,noun,ೂ,no
ಮಧ್ಯಜಾವಾದಲ್ಲಿ,In Central Java,noun,ಿ,no
ಅಂತ್ಯಭಾಗದೊಳಗಾಗಿ,within the end,prefix,ಿ,yes
ಚೋಳರೂ,The Cholas,noun,ೂ,no
ಸ್ಥಿರಪಡಿಸಿಕೊಂಡರು,Stabilized,noun,ು,no
ಚಮಕಿ,shine,noun,ಿ,no
ಗೂಡುಕಟ್ಟುವ,nesting,noun,ವ,yes
ಶ್ವಾಸಕೋಶ,the lungs,noun,ಶ,no
ಜಿಲ್ಲೆಯಾಗಿದೆ,The district is,noun,ೆ,no
ಸಂಯೋಜಿತವಾದ,Combined,noun,ದ,yes
ಭಾಗದಲ್ಲಿದೆ,is in part,noun,ೆ,no
ಭೂತಾರಾಧನೆ,idolatry,noun,ೆ,no
ಪುಡಿಯಾಗಿದೆಯೆಂಬುದನ್ನು,that is powdery,noun,ು,no
ರಂಗಾಯಣ,Rangayana,noun,ಣ,yes
ಪಿಂಕಿ,Pinkie,noun,ಿ,no
ವಿದ್ಯಾರ್ಥಿಯಾಗಿ,As a student,prefix,ಿ,yes
ಆರೀಯ,Arya,noun,ಯ,yes
ಹೂವಿನಲ್ಲಿ,in flower,noun,ಿ,no
ಅಬ್ಯೂಟಿಲಾನ್,Abutilon,prefix,್,yes
ಟೂವಟಾರಕ್ಕೆ,To Toowatara,noun,ೆ,no
ಉಬ್ಬೇಣು,swelling,noun,ು,no
ಮೊಟ್ಟೆಯಿಡುವ,Spawning,noun,ವ,yes
ಹೊರಬರುತ್ತವೆ,come out,noun,ೆ,no
ಉದಯರವಿ,dawn,noun,ಿ,no
ಈಶಾನ್ಯೆ,Northeast,noun,ೆ,no
ಬರಹಗಾರರಂತೆ,As a writer,noun,ೆ,no
ಓತಿಯ,Othiya,noun,ಯ,yes
ಪೇಂಟಿಂಗ್,Painting,noun,್,no
ರಾರಾಜಿಸಿತ್ತಿವೆ,are pleased,noun,ೆ,no
ಬರೋಡಾ,Baroda,noun,ಾ,no
ಸ್ವಿಟ್ಜರ್ಲೆಂಡ್,Switzerland,noun,್,no
ಚಿ,Ch,noun,ಿ,no
ಕುವೆ೦ಪು,Kumpu,noun,ು,no
ಯಾರೇ,who,noun,ೇ,no
ಆನಂದಿಸಬೇಕು,should be enjoyed,noun,ು,no
ಎಳ್ಳಮಾವಾಸ್ಯೆ,Elamavasye,noun,ೆ,no
ಬ್ರೂ,Brew,noun,ೂ,no
ಚಹಾಗಳಿಗಿಂತ,than teas,noun,ತ,yes
ಕುಶಲಕರ್ಮಿ,craftsman,noun,ಿ,no
ಫ್ಯೂಜಿಯನ್,Fujian,noun,್,no
ಯುರೋಪಿಯನ್ನರ,Europeans,noun,ರ,yes
ಕೆಳಗಿನಂತಿದೆ,is as follows,noun,ೆ,no
ಮೋಹನಕಲ್ಯಾಣಿ,Mohankalyani,noun,ಿ,no
ಧೈವತ,Divine,noun,ತ,yes
ರಾಗಂ,Ragam,noun,ಂ,no
ಶ್ರುತಿ,Shruti,noun,ಿ,no
ಗ್ರಾಮಿ,Grammy,noun,ಿ,no
ಬಲ್ಲಾಡ್,Ballad,noun,್,no
ವಾಣಿಜ್ಯೀಕರಣವು,Commercialization,noun,ು,no
ಪ್ರಸಾರ,broadcasting,prefix,ರ,yes
ಮಲ್ಪೆಯಲ್ಲಿ,In Malpe,noun,ಿ,no
ಆಕರ್ಷಣೆಗಳೆಂದರೆ,The attractions are,noun,ೆ,no
ಹೊಂದುತಲಿದೆ,will bring,noun,ೆ,no
ಐಶ್ವರ್ಯ,Aishwarya,noun,ಯ,yes
ಜಗಜ್ಜ್ಯೋತಿ,Jagajjyoti,noun,ಿ,no
ಚಿಪ್ಪುಹಂದಿ,Porcupine,noun,ಿ,no
ಅಭಯಾರಣ್ಯ,the sanctuary,prefix,ಯ,yes
ರೀಸಸ್,Rhesus,noun,್,no
ಪ್ರದರ್ಶಿಸಲ್ಪಟ್ಟು,displayed,prefix,ು,yes
ತಪ್ಪಿಸುವ,avoiding,noun,ವ,yes
ಸಿದ್ಧನಿರುವವನು,willing,noun,ು,no
ಆದರ್ಶದ,ideal,noun,ದ,yes
ಇಜಿಪ್ಷಿಯನ್,Egyptian,noun,್,no
ಅಗಾ,Aga,prefix,ಾ,yes
ಹಸ್ಸನ್,Hassan,noun,್,no
ಗುದ್ದುವುದು,punching,noun,ು,no
ಸ್ಥಾನನಿರ್ಧರಣೆಗೆ,For positioning,noun,ೆ,no
ನಾಟಕಗಳನ್ನೂ,Dramas too,noun,ೂ,no
ಉಪಾಧ್ಯಕ್ಷರಾಗಿ,as Vice President,prefix,ಿ,yes
ಬಹುಮತ,the majority,noun,ತ,yes
ಜತ್ತಿ,Jatti,noun,ಿ,no
ಕಾಬ್ಲ್,Cobble,noun,್,no
ಪರ್ವತಗಳ,of the mountains,noun,ಳ,no
ಬೌಲ್ಟರ್,Boulter,noun,್,no
ಅವರೆ,They are,prefix,ೆ,yes
ಊರುಮಾರಮ್ಮ,Urumarama,noun,ಮ,yes
ಗೆರೆಗಳೂ,Lines too,noun,ೂ,no
ವಿಸ್ತೃತವಾದ,Extended,noun,ದ,yes
ಸ್ಯಾಮ್ಸಂಗ್ನ,of Samsung,noun,ನ,yes
ಎಫ್ಹೆಚ್ಡಿ,FHD,noun,ಿ,no
ವಿಝ್,Viz,prefix,್,yes
ಗೊರಿಲ್ಲಾ,Gorilla,noun,ಾ,no
ನ್ಯಾನೊ,Nano,noun,ೊ,no
ಚಾಮರಾಜನಗರ,Chamarajanagar,noun,ರ,yes
ಕುಲಕ್ಕೆ,to clan,noun,ೆ,no
ಪ್ರದೇಶಗಳಾದ,Areas such as,prefix,ದ,yes
ಸಂಗೀತರಸ,music,prefix,ಸ,yes
ಬದುಕಿದ್ದುದು,Lived,noun,ು,no
ಒಪ್ಪಿಲ್ಲ,Disagree,noun,ಲ,yes
ಬೆಳೆಸಿದ,brought up,noun,ದ,yes
ನೆನಪಿಸುವಂತಿದ್ದರೂ,Although reminiscent,noun,ೂ,no
ತೀರಭಾಗಗಳುಂಟು,There are shores,noun,ು,no
ಉತ್ತರಾಭಿಮುಖ,North facing,noun,ಖ,no
ಉದ್ಭವಕ್ಕೆ,to the origin,noun,ೆ,no
ಸ್ಕ್ಯಾಗರ್ಯಾಕ್,Scarecrow,noun,್,no
ಗ್ರೇಡ್,Grade,noun,್,no
ಪೃಥ್ವೀರಾಜ್,Prithviraj,noun,್,no
ತಲೆದೂಗಿದರು,He nodded,noun,ು,no
ಸಾಹೇಬರು,Mr,noun,ು,no
ಮಾರ್ಚಿಂಗಿಗೆ,Marchingi,noun,ೆ,no
ಖಡಕ್,Khadak,noun,್,no
ಅವತಾರವಾಗಿದ್ದು,is an avatar,prefix,ು,yes
ದೇವತೆಯನ್ನು,Goddess,noun,ು,no
ಹೊಂದಬೇಕೆಂದು,to have,noun,ು,no
ಗ್ರಿಟಾಚಿ,Gritachi,noun,ಿ,no
ಬಯೊಪ್ರಾಸ್ಪೆಕ್ಟಿಂಗ್,Bioprospecting,noun,್,no
ಉದ್ಭವಿಸುವ,arising,noun,ವ,yes
ವಾಹನಗಳ,of vehicles,noun,ಳ,no
ಕರಮ್ಚಂದ್,Karamchand,noun,್,no
ಹಡಗಾಗಿತ್ತು,The ship was,noun,ು,no
ಉಳಿಸಿತು,saved,noun,ು,no
ಕ್ಲೌಡ್,Cloud,noun,್,no
ವಿನಾಯಕ್,Vinayak,prefix,್,yes
ಪುಕ್ರೇ,Pukray,noun,ೇ,no
ಉಡಾನ್,Udon,noun,್,no
ಡೈಥಯಾನಿಕ್,Dithionic,noun,್,no
ಕಂಬಾರ,the carpenter,noun,ರ,yes
ಮಹಾದೇವಿ,Mahadevi,prefix,ಿ,yes
ಚಿತ್ರಸಾಹಿತಿ,Cinematography,noun,ಿ,no
ಚೌಧರಿ,Chaudhary,noun,ಿ,no
ಎಂಪರರ್,The Emperor,noun,್,no
ಸಾರ್ವಭೌಮವು,Sovereignty,noun,ು,no
ಆಂಗ್ಲ,English,noun,ಲ,yes
ಚಕ್ರವರ್ತಿಯು,Emperor,noun,ು,no
ಪಾವತಿಸಲು,to pay,noun,ು,no
ನೆನಪಿಸಿಕೊಂಡಂತೆ,As remembered,noun,ೆ,no
ಲಾಭವನ್ನು,Profit,noun,ು,no
ರಾಜೇಂದ್ರಕೃಷ್ಣ,Rajendrakrishna,noun,ಣ,yes
ಊರ,town,noun,ರ,yes
ಖಾಸಗಿಶಿಕ್ಷಣ,Private education,noun,ಣ,yes
ನಡೆಸಿ,conduct,noun,ಿ,no
ಇಥೈಲ್,Ethyl,noun,್,no
ಯಾವುದೇರೀತಿಯ,of any kind,noun,ಯ,yes
ಕಾಂಬೋಡಿಯ,Cambodia,noun,ಯ,yes
ಯುರಅಸಎಕ,Eurasian,noun,ಕ,yes
ಮುಂದುವರೆಸುತ್ತವೆ,continue,noun,ೆ,no
ಉಜ್ಬೇಕಿಸ್ಥಾನ್,Uzbekistan,noun,್,no
ತಾಜಿಕಿಸ್ತಾನ್,Tajikistan,noun,್,no
ಕಣ್ಣಿನಂತಿರುವ,Eye-like,noun,ವ,yes
ಗಟ್ಟಿಕುದುರು,hard horse,noun,ು,no
ನವಮಂಗಳೂರು,Navmangaluru,noun,ು,no
ಹಾದುಬರುವ,pass through,noun,ವ,yes
ಉಪ್ಪಿನಂಗಡಿಯಲ್ಲಿ,In the salt shop,prefix,ಿ,yes
ಭೂಮಿಯನುದ್ಧರಿಸಿದ,Prepared land,noun,ದ,yes
ಅಕ್ಟೋಬರ್,October,prefix,್,yes
ಅಮಲ್,Amal,prefix,್,yes
ಘೋಷ್,Ghosh,noun,್,no
ದುರ್ದೈವದಿಂದ,Unfortunately,prefix,ದ,yes
ಗೌರಿಬಿದನೂರಿನ,Gouribidanur,noun,ನ,yes
ಹಿಂಸಾಚಾರವನ್ನು,Violence,noun,ು,no
ಪ್ರಸ್ತುತವಾಗುತ್ತದೆ,becomes present,prefix,ೆ,yes
ಪೂಜೋತ್ಸವಗಳು,Festivals,noun,ು,no
ವಿದುರಾಶ್ವತ್ಥ,Vidurasvattha,prefix,ಥ,yes
ರಂದಿನ,of two,noun,ನ,yes
ವಾಯುವ್ಯಕ್ಕೆ,to the northwest,noun,ೆ,no
ಜೆನ್,Gen,noun,್,no
ಹೆದ್ದಾರಿಯಲ್ಲಿರುವ,On the highway,noun,ವ,yes
ಹುಬ್ಬಳ್ಳಿಯಲ್ಲಿ,In Hubli,noun,ಿ,no
ನೈರುತ್ಯ,Southwest,noun,ಯ,yes
ಮಾಯಾಮೃಗ,Magical beast,noun,ಗ,yes
ನಿರ್ದೇಶಕರಾದ,Director,noun,ದ,yes
ಹಿಂದೂಸ್ಥಾನೀ,Hindustani,noun,ೀ,no
ಟಾಕೀಸ್,Talkies,noun,್,no
ಬಲಗಳಂತಹವು,such as forces,noun,ು,no
ಮೆಟ್ರಿಕ್,Metric,noun,್,no
ಸ್ಥಳಾಂತರಗಳು,displacements,noun,ು,no
ಕಾಸು,a dime,noun,ು,no
ಗೋರುಮಾರಾ,Gorumara,noun,ಾ,no
ಮೇಲ್ಮೈ,surface,noun,ೈ,no
ಸಿಂಗಾಪುರದಲ್ಲಿ,In Singapore,noun,ಿ,no
ಸೈನಿಕರಿಗಾಗಿ,For soldiers,noun,ಿ,no
ಅಂತ್ಯಗೊಂಡು,ending,prefix,ು,yes
ವಾತ್ಯಾಯನ,Ventilation,noun,ನ,yes
ಆಸ್ತಿಯಲ್ಲಿನ,in the property,noun,ನ,yes
ಅನುಭವಿಸುವಂತೆ,to feel,prefix,ೆ,yes
ವಿಶ್ವವಿದ್ಯಾಲಯಗಳ,of universities,prefix,ಳ,yes
ನವಾಬನಾಗಿ,As Nawab,noun,ಿ,no
ಹಾಕಿದ್ದರು,had put,noun,ು,no
ಬಸ್ಸು,the bus,noun,ು,no
ಶುಲ್ಕವನ್ನು,the fee,noun,ು,no
ಜೀವವನ್ನು,the life,noun,ು,no
ಕಳ್ಳತನವನ್ನು,theft,noun,ು,no
ಖಾಸಗೀಕರಣ,Privatization,noun,ಣ,yes
ಪೂರ್ಣಗೊಳಿಸದ್ದಕ್ಕಾಗಿ,For completion,noun,ಿ,no
ಪ್ರಾತಿನಿಧ್ಯದ,of representation,prefix,ದ,yes
ಟಯ,Taya,noun,ಯ,yes
ರೂಢಿಗೆ,to custom,noun,ೆ,no
ಪುಷ್ಟೀಕರಿಸಿದ,Enriched,noun,ದ,yes
ಇಳಯರಾಜಾ,Ilayaraja,noun,ಾ,no
ಬರ್ಮನ್,Burman,noun,್,no
ಸಾದ್ರಾನ,Sadrana,noun,ನ,yes
ನಿರೂಪಣ,narrative,noun,ಣ,yes
ಪೂರ್ವಜರು,Ancestors,noun,ು,no
ಇಷ್ಮಾಯೇಲ್,Ishmael,noun,್,no
ಆಡಿಯೊವನ್ನು,the audio,noun,ು,no
ಕುಣಿದರೆ,If you jump,noun,ೆ,no
ಕೊಟ್ಟ,gave,noun,ಟ,no
ಸ್ಥಾಪಿಸಿದ,established,noun,ದ,yes
ದಕ್ಷತೆಯಿಂದ,with efficiency,noun,ದ,yes
ಕಾರ್ಖಾನೆ,The factory,noun,ೆ,no
ತತ್ವಾರ,Philosopher,noun,ರ,yes
ವರ್ಣತಂತು,Chromosome,noun,ು,no
ಪ್ರದೇಶವಾಗಿದ್ದು,is the area,prefix,ು,yes
ವಿಧರ್ಮೀಯ,heathen,prefix,ಯ,yes
ಇರಿಸಲಾಗುತ್ತದೆ,placed,noun,ೆ,no
ದಿನವು,The day,noun,ು,no
ಮಾಲ್,Mall,noun,್,no
ಇಸ್ರೋ,ISRO,noun,ೋ,no
ಬಾಷ್ಪೀಕರಣದ,of evaporation,noun,ದ,yes
ಪರಿಣಾಮಕಾರಿತ್ವವನ್ನು,Effectiveness,noun,ು,no
ನಿರಪೇಕ್ಷ,Absolute,noun,ಷ,no
ಬಳಸಲಾಗಿದೆ,used,noun,ೆ,no
ಪಟ್ಟಿಯು,List,noun,ು,no
ತಂಟೆಪ್ಪಾಡಿಯವರು,Thanteppadi,noun,ು,no
ಅಪೂರ್ವವಾದ,Unprecedented,noun,ದ,yes
ಮಾರ್ಗದರ್ಶಿ,guide,noun,ಿ,no
ಸೆಂಚುರಿಕ್ರೇನ್,CenturyCrane,noun,್,no
ಮಾಸಪತ್ರಿಕೆಯ,of the magazine,noun,ಯ,yes
ಮರಳಿ,back,noun,ಿ,no
ನವ,Nov,noun,ವ,yes
ಅಮೋನಿಯ,Ammonia,prefix,ಯ,yes
ನಿಖರತೆಯ,Accuracy,noun,ಯ,yes
ಪರಮಾಣುಗಳನ್ನು,atoms,noun,ು,no
ಇಲ್ಲಿರುವ,Here's,noun,ವ,yes
ಫೋಟೋಗ್ರಫಿಯ,of photography,noun,ಯ,yes
ಉದ್ಯಾನವನದ,of the park,noun,ದ,yes
ಸ್ಪಡೈನಾ,Spadina,noun,ಾ,no
ಮೊದಲಿಗರಲ್ಲಿ,Among the first,noun,ಿ,no
ಭಕ್ತವತ್ಸಲಂ,Bhaktavatsalam,noun,ಂ,no
ಸಿಕ್ಕಿಲ್ಲ,not found,noun,ಲ,yes
ಜೆಡಿಎಸ್,JDS,noun,್,no
ಪಟ್ಟಣಶೆಟ್ಟಿಯವರನ್ನು,People from Pattanashetty,noun,ು,no
ಗಚ್ಚಿನಮಠರು,Gachchina Maths,noun,ು,no
ರಾಮಮಂದಿರ,Ram Mandir,noun,ರ,yes
ವಿಶ್ಲೇಷಣಾಶಾಸ್ತ್ರಜ್ಞ,Analyst,prefix,ಞ,yes
ಮನೋವೃತ್ತಿ,Attitude,noun,ಿ,no
ಇವರೇ,This is him,noun,ೇ,no
ಡಿರಾಕ್,Dirac,noun,್,no
ರಚಿಸುತ್ತವೆ,create,noun,ೆ,no
ಕರ್ತವ್ಯ,duty,noun,ಯ,yes
ದತ್ತ,Datta,noun,ತ,yes
ಪರಿವರ್ತನೆಗಳನ್ನು,transitions,noun,ು,no
ಬರಲಾಗುತ್ತದೆ,will come,noun,ೆ,no
ಐವನೋವ್,Ivanov,noun,್,no
ಸೈಬೀರಿಯ,of Siberia,noun,ಯ,yes
ಪೀಡಿತರಿಗೆ,For those affected,noun,ೆ,no
ಪಾರ್ವಾತಿ,Parvati,noun,ಿ,no
ಕುಣಿಸಲು,to dance,noun,ು,no
ಬೆಳಕಿನೆಡೆಗೆ,Toward the light,noun,ೆ,no
ಧಾರವಾಡದಿಂದ,From Dharwad,noun,ದ,yes
ಅರಮನೆಯಲ್ಲಿ,In the palace,prefix,ಿ,yes
ಆದರ್ಶಗಳ,of ideals,noun,ಳ,no
ಆಗ್ರಾ,Agra,noun,ಾ,no
ಸ್ಥಳಗಳಲ್ಲಿಯೂ,In places too,noun,ೂ,no
ಹೊರಗಡೆಯಿ೦ದ,From outside,noun,ದ,yes
ತಮಿಳುನಾಡಿ,Tamil Nadu,noun,ಿ,no
ಅಸಾಧಾರಣ,Extraordinary,prefix,ಣ,yes
ಮದರಾಸ್,Madras,noun,್,no
ಟಿವಿಯ,of TV,noun,ಯ,yes
ಶೈಲಾ,Shaila,noun,ಾ,no
ಸಬ್ಕೋ,Subco,noun,ೋ,no
ಸಿನಗಾಗ್,Synagogue,noun,್,no
ನಡೆದಾರಿ,take a walk,noun,ಿ,no
ತೂಗುತೊಂಗಲುಗಳಿಗೆ,For pendants,noun,ೆ,no
ದ್ರೋಣಾಚಾರ್ಯರ,of Dronacharya,noun,ರ,yes
ಆಯುಧಗಳಲ್ಲಿ,in weapons,noun,ಿ,no
ತುದಿಯಾದ,tipped,noun,ದ,yes
ಹಿಡಿತವನ್ನು,grip,noun,ು,no
ಫಾತಿಮಾ,Fatima,noun,ಾ,no
ರೋಟರಿ,Rotary,noun,ಿ,no
ಸ್ವಯಂಪ್ರೇರಿತ,Voluntary,noun,ತ,yes
ಬಾಲಯಿಡಿದು,childish,noun,ು,no
ಗಾಲಿಕುರ್ಚಿ,wheelchair,noun,ಿ,no
ಸರಿಯಾಗಿರಲಿಲ್ಲ,It wasn't right,noun,ಲ,yes
ವಿಜ್ಞಾನಕ್ಕೆ,to science,prefix,ೆ,yes
ಸೆನಿಯಾ,Senia,noun,ಾ,no
ಸಂಗೀತಗಾರರಿಗೆ,For musicians,prefix,ೆ,yes
ಕಮಿಟಿಗಳು,Committees,noun,ು,no
ಅಫ್ಘಾನಿಸ್ಥಾನ್,Afghanistan,prefix,್,yes
ನಿರ್ಮಾನಿಸಿದ್ದಾರೆ,Built by,noun,ೆ,no
ರಾಮನಾಥ್,Ramnath,noun,್,no
ಗಮನಾರ್ಹವಾದ,Remarkable,noun,ದ,yes
ಕುಶಾಣರ,of the Kushans,noun,ರ,yes
ತುಲಾ,Libra,noun,ಾ,no
ವಿಟಾಲಿ,Vitaly,prefix,ಿ,yes
ಪಂಡರೀಬಾಯಿ,Pandaribai,noun,ಿ,no
ಜ್ಞಾನ,knowledge,noun,ನ,yes
ಹಸ್ತ,the hand,noun,ತ,yes
ಪರಮಾಲಯ,Paramalaya,noun,ಯ,yes
ಆತ್ಮನೋಷಠ,self care,noun,ಠ,no
ವಿಯನ,Vienna,prefix,ನ,yes
ಸಾಧುವಾಲಯ,Monastery,noun,ಯ,yes
ಸುರಾಪ,Surapa,prefix,ಪ,yes
ಸಮೀಪಾಲಯ,near,noun,ಯ,yes
ಸರಸೇಕ,Sarasek,noun,ಕ,yes
ವಿದ್ವದಾಲಯ,University,prefix,ಯ,yes
ತಪಸೀಶ,penance,noun,ಶ,no
ವಾಗೋಷಠ,Vagoshatha,noun,ಠ,no
ವಹೋಷಠ,Vahoshatha,noun,ಠ,no
ನೇತ್ರಾಲಯ,Ophthalmology,noun,ಯ,yes
ನಿಯೇಕ,Director,noun,ಕ,yes
ಸಿರೀಲ್ಲೆ,Cyrille,noun,ೆ,no
ಹನುಮದಾಲಯ,Hanumadalaya,noun,ಯ,yes
ಮಿತ್ರ,a friend,noun,ರ,yes
ಗ್ರಂಥಾಲಯ,Library,noun,ಯ,yes
ತಪಸೋಷಠ,Tapasoshatha,noun,ಠ,no
ಅಸ್ತೇಕ,Aztec,prefix,ಕ,yes
ದುಃ,alas,prefix,ಃ,yes
ಸಂಕಲ್ಪ,determination,prefix,ಪ,yes
ಇತ್ಯಯನ,Ityayana,noun,ನ,yes
ತಬನುಭವ,experience,noun,ವ,yes
ಸಮೀಪ,nearby,noun,ಪ,yes
ವಾಕ್,Walk,noun,್,no
ದಿವುಪದೇಶ,Divupadesh,noun,ಶ,no
ಹನುಮಂತ್,Hanuman,noun,್,no
ಪ್ರಯನ,Prayana,prefix,ನ,yes
ಸಂಜಾತ,born,prefix,ತ,yes
ವಹೇಕ,carrier,noun,ಕ,yes
ಅತೀಶ,Transcendence,prefix,ಶ,yes
ಗೋಯಿಂದ್ರ,Goindra,noun,ರ,yes
ಪ್ಲವೋಷಠ,Plavoshatha,noun,ಠ,no
ವಿದ್ಯಾರ್ಥಿ,student,prefix,ಿ,yes
ಅವತಾರಾಲಯ,Avatara,prefix,ಯ,yes
ಪಾರ್ವತೀ,Parvati,noun,ೀ,no
ಸಿರಿ,Siri,noun,ಿ,no
ನಿಯೇಶ,Niesh,noun,ಶ,no
ಮಾಲಿ,gardener,noun,ಿ,no
ಯಜಮಾನೇಕ,the owner,noun,ಕ,yes
ಐಕ್ಯ,Unity,noun,ಯ,yes
ಮಹೈಕ,Mahaika,noun,ಕ,yes
ಸುರಯನ,Surya,prefix,ನ,yes
ಪರಮಾತ,Paramata,noun,ತ,yes
ವಿದ್ಯಾಲಯ,Vidyalaya,prefix,ಯ,yes
ಸಹೋದರ,brother,noun,ರ,yes
ಕವ್ಯೋಷಠ,Kavyosatha,noun,ಠ,no
ಹತ್ತಿರ,near,noun,ರ,yes
ಹಿತ,good,noun,ತ,yes
ಅಸ್ತುಪದೇಶ,exhortation,prefix,ಶ,yes
ಪಂಡಿದಾಲಯ,Pandidala,noun,ಯ,yes
ಅಭ್ಯಯನ,campaign,prefix,ನ,yes
ಭವ್ಯ,magnificent,noun,ಯ,yes
ಉದುಪದೇಶ,A sermon,noun,ಶ,no
ಅವಾಪ,Awapa,prefix,ಪ,yes
ತುಲ್ಯ,compare,noun,ಯ,yes
ಸಂವಾದ,conversation,noun,ದ,yes
ಪುಸ್ತಕ,book,noun,ಕ,yes
ಆತ್ಮನೀಶ,atmaneesh,noun,ಶ,no
ವಿದ್ಯುತ್,electricity,prefix,್,yes
ದುರ್ಗಾಲಯ,misfortune,prefix,ಯ,yes
ಭಕ್ತಾಲಯ,Bhaktalaya,noun,ಯ,yes
ಕವಿ,the poet,noun,ಿ,no
ಗುರೂಪದೇಶ,Gurupadesh,noun,ಶ,no
ದೇವರು,god,noun,ು,no
ಅಧ್ಯಾಪ,faculty,prefix,ಪ,yes
ವಾಗೀಶ,Wagish,noun,ಶ,no
ಕೇಂದ್ರಾಲಯ,Center,noun,ಯ,yes
ಅಜೇಕ,Ajeka,prefix,ಕ,yes
ಸಮಿತ,Committee,noun,ತ,yes
ನಿರೇಕ,pure,noun,ಕ,yes
ಪ್ರತ್ಯಕ್ಷ,in person,prefix,ಷ,yes
ದ್ಯೌ,Mr,noun,ೌ,no
ಅಶ್ವ,horse,prefix,ವ,yes
ವಾರ್ಯೋಷಠ,Varyoshatha,noun,ಠ,no
ಧೀರಾಲಯ,Dhiralaya,noun,ಯ,yes
ಉಪಯೋಗ,use,prefix,ಗ,yes
ದುರೀಶ,poverty,prefix,ಶ,yes
ಉಬುಪಯೋಗ,underuse,noun,ಗ,yes
ಹತ್ತಿರಾಲಯ,neighborhood,noun,ಯ,yes
ವಿಷ್ಣುವಾಲಯ,Vishnuvalaya,prefix,ಯ,yes
ಸಂಹಿತ,code,prefix,ತ,yes
ಈಶ,Esha,noun,ಶ,no
ಶಬ್ದಗಿಲಾಖೆ,Verbatim,noun,ೆ,no
ತೀರ್ಥಂಕರಾಲಯ,Tirthankaralaya,noun,ಯ,yes
ದೇವಾಲಯ,Temple,noun,ಯ,yes
ಶಾಂತಾಲಯ,Shantalaya,noun,ಯ,yes
ಗುರುನಾನಕ್,Guru Nanak,noun,್,no
ಅಜ್,Az,prefix,್,yes
ಸಂಗಡ,with,prefix,ಡ,yes
ದುರ್ಗಾ,Durga,prefix,ಾ,yes
ಪ್ರತ್ಯೇಕ,separate,prefix,ಕ,yes
ಜಗದೋಷಠ,Jagadoshatha,noun,ಠ,no
ವಾಗಾಲಯ,Wagalaya,noun,ಯ,yes
ಕೇಂದ್ರ,center,noun,ರ,yes
ಗೋವುಪದೇಶ,Goupadesha,noun,ಶ,no
ಪ್ರೋಪದೇಶ,Sermon,prefix,ಶ,yes
ಗುರು,Jupiter,noun,ು,no
ಹೃದಯಾಲಯ,heart,noun,ಯ,yes
ರಾಜೈಕತೆ,Kingship,noun,ೆ,no
ಪುತ್ರಾಲಯ,Putralaya,noun,ಯ,yes
ಉಪದೇಶ,preaching,prefix,ಶ,yes
ಸನ್ನ್ಯಾಸ,Asceticism,noun,ಸ,no
ಗುರುವಧ್ಯಯನ,Guruvadhyana,noun,ನ,yes
ದೇವೂಪಕಾರ,God's grace,noun,ರ,yes
ಗ್ರಾಮಾಲಯ,Village,noun,ಯ,yes
ಸಂಸ್ಕೃತ,Sanskrit,prefix,ತ,yes
ಉಪಯನ,Upayana,prefix,ನ,yes
ಕೆಲಸ,work,noun,ಸ,no
ವಹುಪದೇಶ,Waupadesha,noun,ಶ,no
ಅವೇಶ,charge,prefix,ಶ,yes
ದುಹಿತಾಲಯ,Duhitalaya,prefix,ಯ,yes
ನದ್ಯೋಷಠ,Nadyoshatha,noun,ಠ,no
ಸುರುಪದೇಶ,evangelism,prefix,ಶ,yes
ಗಣೇಶಾಲಯ,Ganeshalaya,noun,ಯ,yes
ಕೃಷ್ಣಾಲಯ,Krishnalaya,noun,ಯ,yes
ಇಲಾಖೆ,Dept,noun,ೆ,no
ಉಕ್ತ,According to,noun,ತ,yes
ಹರಿ,Hari,noun,ಿ,no
ಉಪಾಪ,fasting,prefix,ಪ,yes
ಗೈ,Guy,noun,ೈ,no
ನಿಯನ,Niyan,noun,ನ,yes
ವಚನಾಲಯ,lecture hall,noun,ಯ,yes
ಅಧ್ಯಯನ,study,prefix,ನ,yes
ಮನಾಲಯ,Manalaya,noun,ಯ,yes
ವಿದ್ಯುದರ್ಥ,Electricity,prefix,ಥ,yes
ಜಾತ,caste,noun,ತ,yes
ಅತಿ,over,prefix,ಿ,yes
ಸುರ್,Sur,prefix,್,yes
ಪ್ರೇಶ,region,prefix,ಶ,yes
ಕೀರ್ತಿ,fame,noun,ಿ,no
ಭಾರ್ಯಾಲಯ,Bharialya,noun,ಯ,yes
ಮಾಲೆಯಂಗಡ,From the garland,noun,ಡ,yes
ಋಷಿ,Sage,noun,ಿ,no
ದುಹಿತಾ,Duhita,prefix,ಾ,yes
ಸನ್ಮಾನ,an honor,noun,ನ,yes
ಇಂದ್ರ,Indra,noun,ರ,yes
ದಿವೀಶ,Divisha,noun,ಶ,no
ಸುಂದರಾಲಯ,Sundaralaya,prefix,ಯ,yes
ದುರೇಕ,Dureka,prefix,ಕ,yes
ಅಂಚೆಯಾಲಯ,post office,prefix,ಯ,yes
ಜಗತ್,the world,noun,್,no
ಗಣೇಶ,Ganesha,noun,ಶ,no
ನದೀ,the river,noun,ೀ,no
ವೀರೂ,Veero,noun,ೂ,no
ಅರ್ಥಿ,meaning,prefix,ಿ,yes
ದೇವರುವಾಲಯ,Temple,noun,ಯ,yes
ಪಿತಾ,the father,noun,ಾ,no
ವೀರಾಲಯ,Veeralaya,noun,ಯ,yes
ವಹ್,wow,noun,್,no
ಪತ್ನ್ಯಾಲಯ,Patnyalaya,noun,ಯ,yes
ಸ್ವೀಶ,Sweesh,noun,ಶ,no
ವಹಾಲಯ,love,noun,ಯ,yes
ಸರಸ್,Nice,noun,್,no
ಸುಬ್ರಹ್ಮಣ್ಯ,Subrahmanya,prefix,ಯ,yes
ಅಂಗುಲ,inch,prefix,ಲ,yes
ಕೃಷ್ಣ,Krishna,noun,ಣ,yes
ಉದಯನ,the rise,noun,ನ,yes
ಮುಖಾಲಯ,The office,noun,ಯ,yes
ಛದುಪದೇಶ,Chadupadesha,noun,ಶ,no
ಸಜ್ಜನ,the gentleman,noun,ನ,yes
ಪ್ರ,Q,prefix,ರ,yes
ಅಸ್ತೀಶ,Astisha,prefix,ಶ,yes
ಜ್ಞಾನೇಶ್ವರ,Dnyaneshwar,noun,ರ,yes
ಸಖೀ,Sakhi,noun,ೀ,no
ಸೂಕ್ತ,suitable,noun,ತ,yes
ಈಕ್ಷಣ,right now,noun,ಣ,yes
ನಿರೀಶ,Nereesh,noun,ಶ,no
ಅಪೀಶ,Apeesh,prefix,ಶ,yes
ತಾಪಸಿಯಾಲಯ,Penance,noun,ಯ,yes
ಇತ್ಯಾಪ,Ityapa,noun,ಪ,yes
ನಾಥ,Nath,noun,ಥ,no
ಪಾದ,foot,noun,ದ,yes
ಮಹತ್,Mahat,noun,್,no
ಸದಾಲಯ,At the moment,noun,ಯ,yes
ನಿ,Mr,noun,ಿ,no
ಸದರ್ಥ,Adequate,noun,ಥ,no
ಪರಮೇಶ್ವರ,Parameshwara,noun,ರ,yes
ವಿದ್ಯುದ್ಪ್ರವಾಹ,Electric current,prefix,ಹ,yes
ಭಕ್ತ,Bhakta,noun,ತ,yes
ಓಷಠ,warning,noun,ಠ,no
ಭ್ರಾತಾಲಯ,Fraternity,noun,ಯ,yes
ಮನಸ್,the mind,noun,್,no
ಸರಸುಪದೇಶ,Sarasupadesha,noun,ಶ,no
ಚಂದ್ರೋದಯ,moonrise,noun,ಯ,yes
ನಿಯುಪದೇಶ,Mission,noun,ಶ,no
ಅಸುರ,asura,prefix,ರ,yes
ಲಕ್ಷ್ಮೀ,Lakshmi,noun,ೀ,no
ಉದಾಪ,example,noun,ಪ,yes
ಅಂಗಡಿ,shop,prefix,ಿ,yes
ದುರುಪದೇಶ,slander,prefix,ಶ,yes
ಮುಖ,the face,noun,ಖ,no
ಸಂಬಂಧ್ಯಾಲಯ,relative,prefix,ಯ,yes
ವಿಯೇಕ,separate,prefix,ಕ,yes
ರಾಜಾಲಯ,Rajalaya,noun,ಯ,yes
ಸ್ವುಪದೇಶ,Self-suggestion,noun,ಶ,no
ಬುದ್ಧಾಲಯ,Buddhalaya,noun,ಯ,yes
ಓಷಠೇಕ,By the way,noun,ಕ,yes
ಅಸ್ತಯನ,Astyana,prefix,ನ,yes
ಪುತ್ರೀ,daughter,noun,ೀ,no
ಇತೀಶ,Itish,noun,ಶ,no
ಮಹಾವೀರ,Mahavira,prefix,ರ,yes
ಲಕ್ಷ್ಮಿಯಾಲಯ,Lakshmialaya,noun,ಯ,yes
ಜಗದಾಲಯ,the world,noun,ಯ,yes
ಮಧುರ,melody,noun,ರ,yes
ಗಡ,Hard,noun,ಡ,yes
ಅಂಚೆ,mail,prefix,ೆ,yes
ನೌ,now,noun,ೌ,no
ಇತ್ಯೋಷಠ,Hope,noun,ಠ,no
ದಿವೇಕ,Diveka,noun,ಕ,yes
ಗೋ,Go,noun,ೋ,no
ವಿದ್ಯಾ,Vidya,prefix,ಾ,yes
ಛತ್,Sat,noun,್,no
ಸಮ್,Sum,noun,್,no
ಬ್ರಹ್ಮ,Brahma,noun,ಮ,yes
ಪುಸ್ತಕೀಲಾಖೆ,Library,noun,ೆ,no
ಪರಿ,Pari,noun,ಿ,no
ವಾದ,the argument,noun,ದ,yes
ಭ್ರಾತಾ,Brother,noun,ಾ,no
ತೀರ್ಥಂಕರ,Tirthankara,noun,ರ,yes
ಅಯನ,Ayana,prefix,ನ,yes
ಅಧ್ಯೋಷಠ,President,prefix,ಠ,yes
ಅವ,Mr,prefix,ವ,yes
ದಿವಾಲಯ,Bankruptcy,noun,ಯ,yes
ನಿಯಾಪ,Niapa,noun,ಪ,yes
ವಚನೀಶ,Vachaneesh,noun,ಶ,no
ನಗರ,city,noun,ರ,yes
ಹಳೀಲಾಖೆ,Halilakhe,noun,ೆ,no
ಮಿತ್ರಾಲಯ,Mithralaya,noun,ಯ,yes
ಗಿರಿ,Giri,noun,ಿ,no
ಬ್ರಹ್ಮಾಲಯ,Brahmaalaya,noun,ಯ,yes
ವೀರ,a hero,noun,ರ,yes
ಉದ್ಧಾರ,Redemption,noun,ರ,yes
ದೇವಿಯಾಲಯ,temple,noun,ಯ,yes
ಮಧ್ಯ,the middle,noun,ಯ,yes
ಶಿವೈಕ್ಯ,Shivaikya,noun,ಯ,yes
ಮಾತಾಲಯ,Matalaya,noun,ಯ,yes
ಅಧ್ಯುಪದೇಶ,Sermon,prefix,ಶ,yes
ಅಸ್ತ್,Asth,prefix,್,yes
ಅಧ್ಯೇಕ,President,prefix,ಕ,yes
ಜಿನ,Jina,noun,ನ,yes
ಜನ,people,noun,ನ,yes
ಸಂಲಗ್ನ,conjunct,prefix,ನ,yes
ಭಾರ್ಯಾ,Bharya,noun,ಾ,no
ಆತ್ಮನುಪದೇಶ,Self-admonition,noun,ಶ,no
ಅನ್ವೀಕ್ಷಣ,exploration,prefix,ಣ,yes
ಆತ್ಮ,soul,noun,ಮ,yes
ವಚನ್,Vachon,noun,್,no
ಮಹೀ,Mahi,noun,ೀ,no
ಅಜೋಷಠ,Ajoshatha,prefix,ಠ,yes
ಗ್ರಾಮ,The village,noun,ಮ,yes
ಧಾತ್ರ್ಯೋಷಠ,Dhatryoshatha,noun,ಠ,no
ರಾಜ್ಞುಪದೇಶ,Rajnupedesh,noun,ಶ,no
ನಿರುಪದೇಶ,Disadvantage,noun,ಶ,no
ಪ್ರಭು,lord,prefix,ು,yes
ಇತ್ಯುಪದೇಶ,This sermon,noun,ಶ,no
ಸರಸೋಷಠ,Sarasoshatha,noun,ಠ,no
ಪಟ್ಟಣ,the town,noun,ಣ,yes
ಉಪಕಾರ,a favor,noun,ರ,yes
ಯಜಮಾನುಪದೇಶ,Yajamanupeda,noun,ಶ,no
ವಿದ್ವಾನ್,scholar,prefix,್,yes
ಸಂತಾಲಯ,Santalaya,prefix,ಯ,yes
ಜಿನಾಲಯ,Jinalaya,noun,ಯ,yes
ಅಭೀಶ,Abhish,prefix,ಶ,yes
ಯೋಗಿಯಾಲಯ,Yogi Hall,noun,ಯ,yes
ದುರಯನ,durayana,prefix,ನ,yes
ಉದ್,Ex,noun,್,no
ವೀರುವಂಗಡಿ,Viruvangadi,noun,ಿ,no
ದುಃಖ,sadness,prefix,ಖ,yes
ಭಗವತ್,Bhagwat,noun,್,no
ಅಪ್ಯೇಕ,Independent,prefix,ಕ,yes
ಉತ್ತಮ,better,noun,ಮ,yes
ಅನ್ವಿಷ್ಟ,Unexpected,prefix,ಟ,yes
ಗಣೌಂಕಾರ,Numerology,noun,ರ,yes
ಧಾತ್ರೀ,Dhatri,noun,ೀ,no
ಪಾದಾಲಯ,Padalaya,noun,ಯ,yes
ವಿಯಾಪ,विवाप,prefix,ಪ,yes
ಹಳಿ,rail,noun,ಿ,no
ಕುಡಿಕ,drinker,noun,ಕ,yes
ಅವಯನ,Avayana,prefix,ನ,yes
ಅಭಿ,Abhi,prefix,ಿ,yes
ಅನುದಿನ,every day,prefix,ನ,yes
ಸಮಿದಧ್ಯಕ್ಷ,Chairman,noun,ಷ,no
ಛದೀಶ,The intersection,noun,ಶ,no
ಉಪ,Sub,prefix,ಪ,yes
ಪಂಡಿತ್,Pandit,noun,್,no
ಕೌ,Cow,noun,ೌ,no
ವಿಷ್ಣು,Vishnu,prefix,ು,yes
ಓಷಠೀಶ,Oshatheesh,noun,ಶ,no
ಉದಯ,the rise,noun,ಯ,yes
ಪವಿತ್ರಾಲಯ,sanctum sanctorum,noun,ಯ,yes
ಕೃಪೆಯನುಗ್ರಹ,grace,noun,ಹ,no
ಆತ್ಮಾಲಯ,soul,noun,ಯ,yes
ಗುರುನಾನಗಾಲಯ,Gurunangalaya,noun,ಯ,yes
ಅಪಿ,Ap,prefix,ಿ,yes
ಅಲಮಾರು,cupboards,prefix,ು,yes
ಮನಸುಪದೇಶ,Exhortation,noun,ಶ,no
ಹರೀಂದ್ರ,Harindra,noun,ರ,yes
ರಾಜೋಷಠ,Rajoshatha,noun,ಠ,no
ಪರಮ,supreme,noun,ಮ,yes
ಶ್ರೀ,Mr,noun,ೀ,no
ಪುಣ್ಯಾಲಯ,The temple,noun,ಯ,yes
ವಾರಿ,Vari,noun,ಿ,no
ವೀರೂತ್ತಮ,heroic,noun,ಮ,yes
ಶಿಕ್ಷಕ,the teacher,noun,ಕ,yes
ಸರಸ್ವತೀ,Saraswati,noun,ೀ,no
ಮುನಿಯಾಲಯ,Muniyalaya,noun,ಯ,yes
ಅನ್ವೋಷಠ,Anvoshatha,prefix,ಠ,yes
ಲಗ್ನ,Lagna,noun,ನ,yes
ಸರಸ್ವತ್ಯಾಲಯ,University,noun,ಯ,yes
ಮಾನ,value,noun,ನ,yes
ತಪಸಾಲಯ,investigation,noun,ಯ,yes
ಕಲ್ಪ,idea,noun,ಪ,yes
ಅಪ್ಯಕ್ಷ,the applicant,prefix,ಷ,yes
ಆತ್ಮನ್,Atman,noun,್,no
ಪ್ರತಿ,Each,prefix,ಿ,yes
ಹಳ್ಳಿ,the village,noun,ಿ,no
ಸಮಾಚಾರ,the news,noun,ರ,yes
ರಾಜನ್,Rajan,noun,್,no
ರಾಜ್ಞೇಕ,Diplomat,noun,ಕ,yes
ಪುತ್ರ್ಯಾಲಯ,Putryalaya,noun,ಯ,yes
ವಹೀಶ,whore,noun,ಶ,no
ಸು,Su,prefix,ು,yes
ವಿಯುಪದೇಶ,Viupadesha,prefix,ಶ,yes
ಪ್ರಾಪ,Prop,prefix,ಪ,yes
ಕಾಳಿಯಾಲಯ,Kaliyalaya,noun,ಯ,yes
ಮಾಲೇ,malay,noun,ೇ,no
ಕೃಪೆ,grace,noun,ೆ,no
ಸುಬ್ರಹ್ಮಣ್ಯಾಲಯ,Subrahmanyalaya,prefix,ಯ,yes
ಚಯ,tea,noun,ಯ,yes
ಸಮುದ್ಧಾರ,peace,noun,ರ,yes
ಮನಸೋಷಠ,Mindfulness,noun,ಠ,no
ಮಹರ್ಷಿ,Maharshi,noun,ಿ,no
ರಕ್ಷಣ,defense,noun,ಣ,yes
ಪ್ರವಾಹ,flood,prefix,ಹ,yes
ಅಂಬಾಲಯ,Ambalaya,prefix,ಯ,yes
ಛದೋಷಠ,Chhadoshatha,noun,ಠ,no
ಭವಾನೀ,Emotional,noun,ೀ,no
ಅಪ್ಯುಪದೇಶ,A sermon,prefix,ಶ,yes
ಪರಮೇಶ್ವರಾಲಯ,Parameshwaralaya,noun,ಯ,yes
ಪ್ರಭೂತ್ತರ,Prabhut's,prefix,ರ,yes
ಅಜುಪದೇಶ,Ajupadesha,prefix,ಶ,yes
ಜೀವ,life,noun,ವ,yes
ಸುಂದರ,beautiful,prefix,ರ,yes
ಋಷಿಯಾಲಯ,sage house,noun,ಯ,yes
ನೇತ್ರ,the eye,noun,ರ,yes
ಜಗದುಪದೇಶ,Jagdupadesha,noun,ಶ,no
ಅಧ್ಯಕ್ಷ,President,prefix,ಷ,yes
ಮಿತ್ರೌಷಠ,friendship,noun,ಠ,no
ಪ್ರತ್ಯುತ್ತರ,Reply,prefix,ರ,yes
ಜಗದೀಶ,world map,noun,ಶ,no
ಮಹಾವೀರಾಲಯ,Mahaviralaya,prefix,ಯ,yes
ಆತ್ಮನೇಕ,Atmaneka,noun,ಕ,yes
ಅಡ್ಡ,across,prefix,ಡ,yes
ಸಂತ,saint,prefix,ತ,yes
ಉದಕ,Udaka,noun,ಕ,yes
ಹಸ್ತಾಲಯ,Workshop,noun,ಯ,yes
ಅಕ್ಷ,the axis,prefix,ಷ,yes
ಕರ್ಣ,Diagonal,noun,ಣ,yes
ಸ್ನೇಹಿತಾಲಯ,friend's house,noun,ಯ,yes
ಪುಸ್ತಕಾಲಯ,Bookstore,noun,ಯ,yes
ಪರ್ಯಯನ,Substitution,noun,ನ,yes
ಅನ್ವೇಕ,awareness,prefix,ಕ,yes
ಓಷಧಿ,medicine,noun,ಿ,no
ಶಾಂತ,quiet,noun,ತ,yes
ರಾಜ್ಞೋಷಠ,Rajnoshatha,noun,ಠ,no
ನಿರಯನ,Nirayana,noun,ನ,yes
ದುರ್,Dur,prefix,್,yes
ಮನೆ,house,noun,ೆ,no
ಸುರೀಶ,Suresh,prefix,ಶ,yes
ತಪಸೇಕ,penance,noun,ಕ,yes
ಗಂಗೋದಕ,The Ganges,noun,ಕ,yes
ಉತ್ತರ,Answer,noun,ರ,yes
ಅಪ್ಯೋಷಠ,Apyosatha,prefix,ಠ,yes
ಉಪಾಸನೆ,worship,prefix,ೆ,yes
ಮಹಾಲಯ,Mahalaya,prefix,ಯ,yes
ಧೀರ,brave,noun,ರ,yes
ಮಾತಾ,mother,noun,ಾ,no
ಸಮೋಷಠ,Samoshatha,noun,ಠ,no
ವಿಯೋಷಠ,Viyoshatha,prefix,ಠ,yes
ತಾಪಸಿ,penance,noun,ಿ,no
ಶ್ವ,Sh,noun,ವ,yes
ಆಪ,you,noun,ಪ,yes
ನ್ಯಾಸ,Nyasa,noun,ಸ,no
ಈಶ್ವರ,Ishwara,noun,ರ,yes
ಉಪೇಶ,Upesh,prefix,ಶ,yes
ಮಹಾತ್ಮ,Mahatma,prefix,ಮ,yes
ದುರೋಷಠ,Duroshatha,prefix,ಠ,yes
ಪಟ್ಟಣಾಲಯ,town hall,noun,ಯ,yes
ಭವ್ಯಾಲಯ,temple,noun,ಯ,yes
ಹಳ್ಳಿಯಾಲಯ,village hall,noun,ಯ,yes
ಆಲಯ,the temple,noun,ಯ,yes
ಗವೀಂದ್ರ,Gavindra,noun,ರ,yes
ಅಧೀಶ,Adheesh,prefix,ಶ,yes
ಸ್ವೋಷಠ,self-restraint,noun,ಠ,no
ಶಕ್ತಿಯಾಲಯ,power house,noun,ಯ,yes
ಗವೋಷಠ,वोशाथ,noun,ಠ,no
ಕುಡಿಗಾಲಯ,Kindergarten,noun,ಯ,yes
ಪ್ರತ್ಯೋಷಠ,Pratyoshatha,prefix,ಠ,yes
ಪತ್ನೀ,the wife,noun,ೀ,no
ಅನ್ವುಪದೇಶ,Anvupadesha,prefix,ಶ,yes
ಮಹೋದಯ,Sir,noun,ಯ,yes
ಉದೋಷಠ,Udoshatha,noun,ಠ,no
ಪಾರ್ಶ್ವ,lateral,noun,ವ,yes
ಶೂರಾಲಯ,Shuralaya,noun,ಯ,yes
ಪಿತಾಲಯ,Pitalaya,noun,ಯ,yes
ಯಜಮಾನ್,the master,noun,್,no
ಪರ್ಯಾವರಣ,Environment,noun,ಣ,yes
ಗುರುವಾಲಯ,Guruvalaya,noun,ಯ,yes
ಏಕತೆ,unity,noun,ೆ,no
ಅಭ್ಯುಪದೇಶ,Abhyupadesha,prefix,ಶ,yes
ಅಸ್ತಾಪ,Astapa,prefix,ಪ,yes
ಮಹದಾಲಯ,Mahadalaya,noun,ಯ,yes
ತಪ,asceticism,noun,ಪ,yes
ಅಜೀಶ,Azeesh,prefix,ಶ,yes
ಕೌವಂಗಡಿ,Cow shop,noun,ಿ,no
ಮಹಾ,great,prefix,ಾ,yes
ರಾಮಾಲಯ,Ramalaya,noun,ಯ,yes
ಶಿವ,Shiva,noun,ವ,yes
ಮಾಲ್ಯಂಗಡಿ,Malyangadi,noun,ಿ,no
ತಪಸ್,Tapas,noun,್,no
ಪ್ರತ್ಯುದ್ಧಾರ,Answer,prefix,ರ,yes
ಬಂಧುವಾಲಯ,Bandhualaya,noun,ಯ,yes
ಏಕ,Single,noun,ಕ,yes
ಈಶ್ವರಾಲಯ,Temple,noun,ಯ,yes
ಮಧ್ಯಾಲಯ,Madhya Pradesh,noun,ಯ,yes
ಅಪ್ಯಾಪ,Appapa,prefix,ಪ,yes
ಸನ್ಯಾಸಿಯಾಲಯ,Monastery,noun,ಯ,yes
ರಾಜ್ಞೀಶ,Rajneesh,noun,ಶ,no
ಮನಸಾಲಯ,Mind,noun,ಯ,yes
ಹೃದಯ,the heart,noun,ಯ,yes
ನಿರಾಪ,Farewell,noun,ಪ,yes
ಶಿವಾಲಯ,Shivalaya,noun,ಯ,yes
ಸುರೇಕ,Sureka,prefix,ಕ,yes
ಶಬ್ದಕ,Vocabulary,noun,ಕ,yes
ಸ್ನೇಹಿತ,a friend,noun,ತ,yes
ದಿವೋಷಠ,Divosatha,noun,ಠ,no
ಇಲ್ಲೆ,here,noun,ೆ,no
ಸ್ನೇಹೌಷಠ,friendship,noun,ಠ,no
ಭಗವಂತ್,Bhagwant,noun,್,no
ಅನುಗ್ರಹ,grace,prefix,ಹ,yes
ದಿವ್ಯ,Divya,noun,ಯ,yes
ಶಕ್ತಿ,strength,noun,ಿ,no
ಅಧಿ,Adhi,prefix,ಿ,yes
ಅನುಭವ,experience,prefix,ವ,yes
ನಿಯೋಷಠ,Neyoshat,noun,ಠ,no
ಜಗನ್ನಾಥ,Jagannath,noun,ಥ,no
ವಿ,V,prefix,ಿ,yes
ಅನ್ವಯನ,of application,prefix,ನ,yes
ಭಗವಾನ್,Lord,noun,್,no
ಪರ್ಯೇಕ,separately,noun,ಕ,yes
ರಾಮ,Rama,noun,ಮ,yes
ಮನಸೇಕ,mind,noun,ಕ,yes
ಜಗದೇಕ,Jagadeka,noun,ಕ,yes
ಅನ್ವಾಜ್ಞೆ,Proclamation,prefix,ೆ,yes
ವನ,Forest,noun,ನ,yes
ಅವೋಪದೇಶ,Avopadesh,prefix,ಶ,yes
ಆಜ್ಞೆ,the command,noun,ೆ,no
ಅಂಬಾ,Amba,prefix,ಾ,yes
ಕವೀಶ್ವರ,Poet,noun,ರ,yes
ವಚನುಪದೇಶ,sermon,noun,ಶ,no
ಗಂಗಾ,Ganges,noun,ಾ,no
ಶ್ರೇಶ,Shresh,noun,ಶ,no
ಸಂರಕ್ಷಣ,protection,prefix,ಣ,yes
ಶಿಕ್ಷಗುಪದೇಶ,Punishment,noun,ಶ,no
ಗ್ರಂಥ,scripture,noun,ಥ,no
ಅರ್ಥ,meaning,prefix,ಥ,yes
ಓಂಕಾರ,Omkara,noun,ರ,yes
ಯಜಮಾನೀಶ,Yajamaneesh,noun,ಶ,no
ಯಜಮಾನೋಷಠ,Yajamanoshatha,noun,ಠ,no
ಚಂದ್ರ,the moon,noun,ರ,yes
ವಿಯೇಶ,Vyesh,prefix,ಶ,yes
ವಿದ್ಯಾರ್ಥಿಯಲಮಾರು,Students,prefix,ು,yes
ಸನ್ಯಾಸಿ,a monk,noun,ಿ,no
ಬಂಧು,relative,noun,ು,no
ಪುಣ್ಯ,virtue,noun,ಯ,yes
ಅಸ್ತೋಷಠ,happy,prefix,ಠ,yes
ಅಲಯ,the temple,prefix,ಯ,yes
ಅಭ್ಯೇಕ,Abheka,prefix,ಕ,yes
ಅತೀಷಠ,Transcendence,prefix,ಠ,yes
ಮಹೈಕ್ಯ,greatness,noun,ಯ,yes
ಪಾರ್ವತ್ಯಾಲಯ,Park,noun,ಯ,yes
ವಾಗುಪದೇಶ,speech,noun,ಶ,no
ಸುರೋಷಠ,Sureshatha,prefix,ಠ,yes
ಪ್ರೋಷಠ,Proshat,prefix,ಠ,yes
ಸಂಸ್ಕೃತಾಧ್ಯಯನ,Sanskrit studies,prefix,ನ,yes
ಅವೋಷಠ,Aoshatha,prefix,ಠ,yes
ಅತೀಪದೇಶ,mysticism,prefix,ಶ,yes
ಅತಿಯಾಪ,excess,prefix,ಪ,yes
ಸರಸಾಲಯ,Sarasalaya,noun,ಯ,yes
ಸ್ವೇಕ,self,noun,ಕ,yes
ಪವಿತ್ರ,sacred,noun,ರ,yes
ಪ್ರೇಕ,Preca,prefix,ಕ,yes
ಶ್ವೋಷಠ,Self-confidence,noun,ಠ,no
ರಾಜನೀಶ,Rajneesh,noun,ಶ,no
ಬುದ್ಧ,Buddha,noun,ಧ,no
ಸ್ವಯನ,self,noun,ನ,yes
ತಪಸುಪದೇಶ,penance,noun,ಶ,no
ನಗರಾಲಯ,City Hall,noun,ಯ,yes
ಮಧುರಾಲಯ,Madhuralaya,noun,ಯ,yes
ಮಹ್ಯೋಷಠ,Mahyoshat,noun,ಠ,no
ಉದೀಶ,Udeesh,noun,ಶ,no
ಕಾವ್ಯ,Poetry,noun,ಯ,yes
ಗೈಯಂಗುಲ,Gayangula,noun,ಲ,yes
ವಿದ್ಯುದಾಲಯ,University,prefix,ಯ,yes
ದೂರ,distance,noun,ರ,yes
ಗಿರ್ಯೋಷಠ,Giryoshatha,noun,ಠ,no
ಪರ್ಯೋಷಠ,Paryoshatha,noun,ಠ,no
ಅಭ್ಯೋಷಠ,Abhyoshatha,prefix,ಠ,yes
ದುರಾಪ,A shame,prefix,ಪ,yes
ದಿವ್,Div,noun,್,no
ಭಗಿನೀ,sister,noun,ೀ,no
ಕೀರ್ತಿಯನುದಿನ,glory day,noun,ನ,yes
ಉದೇಕ,excitement,noun,ಕ,yes
ಕಾಳೀ,Kali,noun,ೀ,no
ಸಂಬಂಧೀ,relative,prefix,ೀ,yes
ಉಪೇಕ,Upeka,prefix,ಕ,yes
ಕರ್ಣಾಲಯ,Karnalaya,noun,ಯ,yes
ಭಗಿನ್ಯಾಲಯ,Bhaginyalaya,noun,ಯ,yes
ಅಜಾಲಯ,Azalea,prefix,ಯ,yes
ಛದೇಕ,intersection,noun,ಕ,yes
ಯಜಮಾನಾಲಯ,Master bedroom,noun,ಯ,yes
ನಿರೋಷಠ,Rest assured,noun,ಠ,no
ಸ್ವಾಪ,Swapa,noun,ಪ,yes
ಸರಸೀಶ,Sarseesh,noun,ಶ,no
ಭಗವದಾಲಯ,Bhagavadalaya,noun,ಯ,yes
ರಾಜನುಪದೇಶ,Rajanupadesh,noun,ಶ,no
ಸಹೋದರಾಲಯ,sisterhood,noun,ಯ,yes
ಅವೇಕ,careless,prefix,ಕ,yes
ಇನ್,In,noun,್,no
ಜಗದರ್ಥ,the meaning of the world,noun,ಥ,no
ಉಪೋಪದೇಶ,Sermon,prefix,ಶ,yes
ಅತೀಕ,Transcendence,prefix,ಕ,yes
ಪರ್ಯುಪಾಸನೆ,Paryupasane,noun,ೆ,no
ಓಪದೇಶ,Sermon,noun,ಶ,no
ಅಶ್ವೋಷಠ,Ashwagandha,prefix,ಠ,yes
ಕವಿಯಲಯ,poetry hall,noun,ಯ,yes
ಅಡ್ಡಾಲಯ,Hall,prefix,ಯ,yes
ವಚನೋಷಠ,Vocabulary,noun,ಠ,no
ಇತಿ,limit,noun,ಿ,no
ಸಜ್ಜೀವ,alive,noun,ವ,yes
ಆವರಣ,enclosure,noun,ಣ,yes
ವಾಗೇಕ,for sale,noun,ಕ,yes
ನಿರ್,Nir,noun,್,no
ಯೋಗಿ,Yogi,noun,ಿ,no
ಪುತ್ರ,son,noun,ರ,yes
ವಿದ್ಯಾರ್ಥೀನ್,Vidyartheen,prefix,್,yes
ಮುನಿ,Muni,noun,ಿ,no
ಮನಸೀಶ,mind,noun,ಶ,no
ಆತ್ಮನಾಲಯ,Atmanala,noun,ಯ,yes
ಗಂಗಾಲಯ,Gangalaya,noun,ಯ,yes
ಉಪೋಷಠ,Uposhita,prefix,ಠ,yes
ಸ್ನೇಹ,friendship,noun,ಹ,no
ದೇವಾಸುರ,Devasura,noun,ರ,yes
ದಿವ್ಯಾಲಯ,temple,noun,ಯ,yes
ದೇವ,god,noun,ವ,yes
ನಾವೋಷಠ,Let's be careful,noun,ಠ,no
ಕಾವ್ಯಾರ್ಥ,Poetry,noun,ಥ,no
ರಾಜ,king,noun,ಜ,no
ಗಣ,Gana,noun,ಣ,yes
ವನೌಷಧಿ,herbal medicine,noun,ಿ,no
ಛದಾಲಯ,The mortuary,noun,ಯ,yes
ಓಷಠೋಪದೇಶ,Oshathopadesh,noun,ಶ,no
ಆಯನ,Ayana,noun,ನ,yes
ಪರಮಾದಿಲಾಖೆ,Paramadilakhe,noun,ೆ,no
ಸಖ್ಯೋಷಠ,Sakhyoshatha,noun,ಠ,no
ಓಷಠೋಷಠ,Oshathoshatha,noun,ಠ,no
ಇತ್ಯೇಕ,Moreover,noun,ಕ,yes
ದ್ಯವೋಷಠ,dyavoshatha,noun,ಠ,no
ಅವತಾರ,Avatar,prefix,ರ,yes
ಪುಸ್ತಗಲಯ,library,noun,ಯ,yes
ಸತ್,Sat,noun,್,no
ಭವಾನ್ಯಾಲಯ,Temple,noun,ಯ,yes
ಪಾರ್ಶ್ವಾಲಯ,Parswalaya,noun,ಯ,yes
ಸಮರ್ಥ,competent,noun,ಥ,no
ಪ್ಲು,Pl,noun,ು,no
ಸೋದರಾಲಯ,Fraternity,noun,ಯ,yes
ದೇವಿ,Goddess,noun,ಿ,no
ಶೂರ,brave,noun,ರ,yes
ಇಷ್ಟ,like,noun,ಟ,no
ಸಂತುಲ್ಯ,the balance,prefix,ಯ,yes
ಗೋಯಶ್ವ,Goyashva,noun,ವ,yes
ದೂರಾಲಯ,A television station,noun,ಯ,yes
ವಚನೇಕ,Vachaneka,noun,ಕ,yes
ಅತಿಯನ,too much,prefix,ನ,yes
ಅನು,Anu,prefix,ು,yes
ಸುಖ,happiness,prefix,ಖ,yes
ಅಂಗಳ,yard,prefix,ಳ,yes
ಮನೆಕೆಲಸ,homework,noun,ಸ,no
ಸಂಚಯ,Accumulation,prefix,ಯ,yes
ಸೋದರ,brother,noun,ರ,yes
ಅಭ್ಯಾಪ,lecture,prefix,ಪ,yes
ಆಚಾರ,ritual,noun,ರ,yes
ಮನ,the mind,noun,ನ,yes
ಸಾಧು,Sadhu,noun,ು,no
ಮನೆಯಂಗಳ,household,noun,ಳ,no
